Posizione,Similarit√† Coseno,Canzone,Immagine Abbinata
1,1.0000,141299.mp3,christian-august-lorentzen_portrait-of-frederik-carl-trant-and-his-wife-cornelia-nee-schumacher-1770.jpg
2,1.0000,148429.mp3,adalbert-erdeli_castle-slovakia-red-hill-1930.jpg
3,1.0000,005171.mp3,allan-ramsay_queen-charlotte-with-her-two-children.jpg
4,1.0000,145058.mp3,abraham-manievich_landscape-with-animals.jpg
5,1.0000,145646.mp3,camille-pissarro_street-winter-sunlight-and-snow.jpg
6,1.0000,148076.mp3,abraham-van-strij_the-foreign-trade.jpg
7,1.0000,137723.mp3,ilka-gedo_table-1-1949.jpg
8,1.0000,001195.mp3,kuzma-petrov-vodkin_portrait-of-the-poet-1913.jpg
9,0.9999,134052.mp3,adalbert-schaffer_still-life-with-fruits-1870.jpg
10,0.9999,145002.mp3,abraham-manievich_winter-landscape-outskirts-of-kyiv-1908.jpg
11,0.9998,142519.mp3,hans-memling_head-of-christ.jpg
12,0.9998,142551.mp3,james-ward_jerry-hudson-a-farm-labourer-with-a-longhorn-cow.jpg
13,0.9998,001883.mp3,roy-lichtenstein_as-i-opened-fire-1964.jpg
14,0.9996,144214.mp3,tsuguharu-foujita_deux-femmes-au-torse-nu.jpg
15,0.9996,137175.mp3,hans-hoffmann_lievre-entoure-de-plantes.jpg
16,0.9996,145431.mp3,abidin-dino_flower-2.jpg
17,0.9995,148213.mp3,boris-kustodiev_bather-1921.jpg
18,0.9995,145887.mp3,thomas-lawrence_lieutenant-general-sir-william-carr-beresford-1818.jpg
19,0.9995,001925.mp3,bartolomeo-veneto_salome-con-la-tesa-del-battista.jpg
20,0.9995,149118.mp3,rupert-bunny_untitled-possibly-harvest-1898.jpg
21,0.9994,142097.mp3,tom-roberts_putney-bridge-london-1908.jpg
22,0.9993,143290.mp3,m-c-escher_not_detected_204685.jpg
23,0.9993,025066.mp3,william-scott_berlin-blues-4-1965.jpg
24,0.9993,142129.mp3,abraham-van-strij_man-with-fur-hat.jpg
25,0.9993,005157.mp3,arthur-hughes_april-love-1856.jpg
26,0.9992,137152.mp3,adalbert-schaffer_fruchtestilleben.jpg
27,0.9992,149953.mp3,adalbert-schaffer_stillleben-mit-nautiluspokal-und-weintrauben.jpg
28,0.9992,137169.mp3,giorgione_portrait-of-a-man-terris-1510.jpg
29,0.9991,001930.mp3,nicholas-roerich_vignette-for-book-n-k-roerich-1918-19.jpg
30,0.9991,138018.mp3,camille-corot_mur-cotes-du-nord-1855.jpg
31,0.9991,141590.mp3,pierre-auguste-renoir_victor-chocquet-1876.jpg
32,0.9991,142567.mp3,stanley-spencer_resurrection-port-glasgow-1950.jpg
33,0.9991,148233.mp3,carolus-duran_portrait-of-emile-de-girardin-1875.jpg
34,0.9991,005191.mp3,edvard-munch_girl-yawning-1913.jpg
35,0.9991,147021.mp3,adalbert-erdeli_artists-father-1926.jpg
36,0.9990,139935.mp3,abidin-dino_saman-sar-s-illustration.jpg
37,0.9990,137551.mp3,theodore-rousseau_gateway-1855.jpg
38,0.9990,148305.mp3,gunter-umberg_untitled-1998.jpg
39,0.9990,137212.mp3,abidin-dino_partisans-1944.jpg
40,0.9990,138216.mp3,salvador-dali_untitled-first-study-for-the-three-glorious-enigmas-of-gala.jpg
41,0.9989,136469.mp3,abraham-storck_walfanger-im-eismeer.jpg
42,0.9989,138579.mp3,abraham-van-strij_the-artist-s-son.jpg
43,0.9989,149082.mp3,vasily-perov_christ-in-gethsemane.jpg
44,0.9989,144544.mp3,jacopo-bellini_view-of-a-fortification-of-jerusalem.jpg
45,0.9989,142576.mp3,luis-dourdil_landscape-1959.jpg
46,0.9988,144938.mp3,albin-egger-lienz_pieta-1926.jpg
47,0.9988,148077.mp3,achille-zo_louis-charles-de-saulces-de-freycinet-1880.jpg
48,0.9988,134444.mp3,claude-monet_the-grand-canal-venice.jpg
49,0.9988,136324.mp3,ludovic-alleaume_in-the-countryside.jpg
50,0.9987,144471.mp3,camille-corot_circle-of-nymphs-morning.jpg
51,0.9987,138414.mp3,fernand-leger_reading-1948.jpg
52,0.9987,141566.mp3,john-riley_william-chiffinch.jpg
53,0.9987,146639.mp3,lesser-ury_lady-in-black-evening-dress-with-green-scarf-1908.jpg
54,0.9987,139521.mp3,amedeo-modigliani_reclining-nude-with-folded-arms-behind-her-head-1917.jpg
55,0.9986,142571.mp3,fujishima-takeji_distant-view-of-awajishima.jpg
56,0.9986,152545.mp3,claude-monet_waterloo-bridge-1901-1.jpg
57,0.9986,145458.mp3,yov-kondzelevych_icon-of-st-john-chrysostom-and-st-basil-the-great-from-the-village-of-horodyshche-in-volhynia.jpg
58,0.9985,150015.mp3,ivan-aivazovsky_moonlit-view-of-the-bosphorus-1884.jpg
59,0.9985,005170.mp3,john-flaxman_william-pitt-earl-of-chatham.jpg
60,0.9985,148066.mp3,charles-turner_sir-thomas-charles-bunbury-6th-bt-1819.jpg
61,0.9985,141288.mp3,winslow-homer_basket-of-clams.jpg
62,0.9984,005159.mp3,claude-monet_the-road-in-front-of-saint-simeon-farm-in-winter.jpg
63,0.9984,144216.mp3,abidin-dino_flower.jpg
64,0.9984,148535.mp3,jean-auguste-dominique-ingres_madame-felix-gallois-born-nathalie-rose-joachime-bochet.jpg
65,0.9984,134077.mp3,francois-gerard_moritz-christian-reichsgraf-von-fries-mit-seiner-frau-maria-theresia-josepha-1805.jpg
66,0.9984,149143.mp3,eric-ravilious_submarines-in-dry-dock-1940.jpg
67,0.9984,141902.mp3,sergio-illuminato_optical-perceptions-percezioni-ottiche-perceptions-optiques-2020.jpg
68,0.9983,138038.mp3,nathan-oliveira_untitled-standing-figure-1990.jpg
69,0.9983,000210.mp3,cristovao-de-figueiredo_b-n-o-de-santa-auta-em-lisboa-1520.jpg
70,0.9983,142081.mp3,thomas-lawrence_portrait-of-a-bishop.jpg
71,0.9983,148079.mp3,hans-andersen-brendekilde_a-village-road-with-a-woman-and-child-walking-hand-in-hand.jpg
72,0.9983,136138.mp3,owen-jones_cover.jpg
73,0.9983,138413.mp3,paul-albert-besnard_madame-besnard-1884.jpg
74,0.9983,138026.mp3,mary-beale_frances-pierrepont-duchess-of-newcastle-1630-1695.jpg
75,0.9983,141568.mp3,john-frederick-lewis_the-head-of-a-tigress-felis-tigris-etching-with-engraving-1825.jpg
76,0.9982,145744.mp3,sam-francis_untitled-1987-1.jpg
77,0.9982,005169.mp3,zinaida-serebriakova_nymph-flora-1935.jpg
78,0.9982,142574.mp3,roger-weik_number-120-2004.jpg
79,0.9982,139995.mp3,rembrandt_jesus-disputing-with-the-doctors-the-smaller-print-1654.jpg
80,0.9982,143186.mp3,nina-tokhtaman-valetova_constraint-2005.jpg
81,0.9981,152568.mp3,edgar-degas_study-of-horses.jpg
82,0.9981,148216.mp3,nicholas-roerich_springs-in-izvara-1893.jpg
83,0.9981,025104.mp3,abidin-dino_unknown-title-9.jpg
84,0.9981,141297.mp3,graham-sutherland_form-over-river-1972.jpg
85,0.9981,146681.mp3,abidin-dino_hand-and-the-eye-of-needle-1980.jpg
86,0.9981,149140.mp3,burhan-dogancay_honfleur-1950.jpg
87,0.9980,136137.mp3,plautilla-nelli_pained-madonna.jpg
88,0.9980,147059.mp3,efim-volkov_noon-in-the-woods.jpg
89,0.9980,000707.mp3,abidin-dino_yelkenli.jpg
90,0.9980,137173.mp3,georges-seurat_trees-winter-1883.jpg
91,0.9980,142552.mp3,fra-bartolomeo_the-holy-family-with-john-the-baptist-1515.jpg
92,0.9979,154414.mp3,pierre-auguste-renoir_the-reader-1877.jpg
93,0.9979,135990.mp3,mary-cassatt_simone-in-a-large-plumed-hat-seated-holding-a-griffon-dog.jpg
94,0.9978,148075.mp3,achille-zo_la-cour-des-lions-a-lalhambra-de-grenade.jpg
95,0.9978,142517.mp3,abidin-dino_bloom-1990.jpg
96,0.9978,135043.mp3,charles-andre-van-loo-carle-van-loo_venus-and-cupid.jpg
97,0.9977,150062.mp3,abraham-storck_de-haringpakkerstoren-met-de-stadsherberg-op-de-achtergrond-de-haringpakkerstoren-met-op-de-1687.jpg
98,0.9977,144542.mp3,hiroshige_the-station-ejiri.jpg
99,0.9977,148002.mp3,thomas-hill_piute-indians-yosemite.jpg
100,0.9977,001193.mp3,nicholas-roerich_mongolian-horseman.jpg
101,0.9976,000814.mp3,bernardo-strozzi_gamba-player.jpg
102,0.9976,148602.mp3,adalbert-erdeli_still-life-with-a-figurine-1950.jpg
103,0.9976,000602.mp3,camille-pissarro_landscape-fields-eragny-1885.jpg
104,0.9976,148168.mp3,howard-pyle_otto-of-the-silver-hand-10.jpg
105,0.9976,145762.mp3,alex-colville_dog-and-groom-1991.jpg
106,0.9975,136322.mp3,gerard-sekoto_the-jazz-band-1965.jpg
107,0.9975,141594.mp3,abraham-storck_boats-at-a-mooring-place.jpg
108,0.9975,142553.mp3,pierre-auguste-renoir_flowers-in-a-vase-1878-1.jpg
109,0.9975,142080.mp3,achille-zo_patio-a-lalhambra-1860.jpg
110,0.9975,145003.mp3,abraham-van-strij_hendrik-weymans-and-his-family.jpg
111,0.9975,141296.mp3,marcello-bacciarelli_blue-marquise-1770.jpg
112,0.9975,001482.mp3,adalbert-erdeli_female-portrait.jpg
113,0.9975,141143.mp3,camille-corot_fontainebleau.jpg
114,0.9974,142550.mp3,abraham-van-strij_unloading-wood-at-builenwalenvest.jpg
115,0.9974,144472.mp3,abraham-van-strij_stop-for-an-inn.jpg
116,0.9974,134084.mp3,sabin-balasa_fascination.jpg
117,0.9974,141181.mp3,john-pettie_ames-guthrie-orchar-provost-of-broughty-ferry-1886.jpg
118,0.9974,134053.mp3,george-henry_sir-hector-clare-cameron-president-of-the-faculty-of-physicians-and-surgeons-of-glasgow-1925.jpg
119,0.9974,142098.mp3,jean-auguste-dominique-ingres_jean-fran%C3%A7ois-julien-menager.jpg
120,0.9974,138061.mp3,julian-ashton_old-houses-cumberland-street-1901.jpg
121,0.9974,148212.mp3,albin-egger-lienz_savoyardenknabe.jpg
122,0.9973,025601.mp3,abraham-van-strij_the-drawing-lesson.jpg
123,0.9973,001680.mp3,serge-charchoune_untitled.jpg
124,0.9973,000546.mp3,adalbert-schaffer_stilleben-mit-melone-munzbecher-und-deckelkrug.jpg
125,0.9973,000706.mp3,abidin-dino_flower-1.jpg
126,0.9972,000825.mp3,gustave-dore_don-quixote-111.jpg
127,0.9972,146713.mp3,alaa-awad_untitled.jpg
128,0.9972,149714.mp3,olivier-debre_printemps-de-tilleuls-rose-et-bleu.jpg
129,0.9972,145553.mp3,abidin-dino_unknown-title-8.jpg
130,0.9972,142539.mp3,pieter-de-hooch_paying-the-hostess-1658.jpg
131,0.9972,000666.mp3,abidin-dino_villejuif-1993.jpg
132,0.9971,135337.mp3,isaac-levitan_evening-shadows.jpg
133,0.9971,005156.mp3,frederic-edwin-church_autumn-shower-1859.jpg
134,0.9971,148070.mp3,wilhelm-sasnal_anka-2001.jpg
135,0.9971,138319.mp3,vasiliy-ryabchenko_na-lanzherone-1984.jpg
136,0.9971,000002.mp3,gustave-courbet_the-angry-sea.jpg
137,0.9970,000141.mp3,ivan-vladimirov_at-the-well-1905.jpg
138,0.9970,136321.mp3,charles-m-russell_wolf-and-beaver-1921.jpg
139,0.9969,150268.mp3,rudolf-lang_summer-afternoon-1957.jpg
140,0.9969,144937.mp3,abraham-storck_het-fregat-pieter-en-paul-op-het-ij-het-met-medewerking-van-czaar-peter-de-grote-in-januari-1698-1700.jpg
141,0.9969,137563.mp3,abraham-manievich_moscow-iii.jpg
142,0.9969,143239.mp3,fra-angelico_noli-me-tangere-1442.jpg
143,0.9969,139003.mp3,abraham-van-strij_sailing-of-the-dordrecht.jpg
144,0.9968,137462.mp3,david-bates_stepping-stones-on-the-llugwy.jpg
145,0.9967,148210.mp3,luis-feito_untitled.jpg
146,0.9967,137171.mp3,claude-monet_grainstack-in-the-sunlight-snow-effect-1891.jpg
147,0.9967,142577.mp3,nasreen-mohamedi_untitled-3.jpg
148,0.9967,148290.mp3,tahir-salahov_portrait-of-aydan-salahova.jpg
149,0.9967,144470.mp3,adalbert-erdeli_seating-model-1913.jpg
150,0.9966,001686.mp3,pierre-auguste-renoir_the-banks-of-the-seine-at-argenteuil-1880.jpg
151,0.9966,148074.mp3,alexandre-benois_truffaldino-costume-design-for-goldoni-s-comedy-servant-of-two-masters.jpg
152,0.9965,152570.mp3,ludwig-knaus_portrait-of-jacob-stern-1877.jpg
153,0.9965,139524.mp3,albrecht-durer_the-mantle-of-the-pope.jpg
154,0.9965,148078.mp3,abraham-storck_hollandse-straatvaarders-bij-een-haven-aan-de-middellandse-zee-hollandse-straatvaarders-bij-een-0.jpg
155,0.9965,146970.mp3,fujishima-takeji_portrait-of-an-italian-lady-1908.jpg
156,0.9965,147309.mp3,claude-monet_in-the-woods-at-giverny-blanche-hoschede.jpg
157,0.9964,139536.mp3,vincent-van-gogh_trunk-of-an-old-yew-tree-1888.jpg
158,0.9964,136468.mp3,vasily-perov_regular-pool-1865.jpg
159,0.9964,146482.mp3,john-hoyland_2005-the-gnome-silkscreen.jpg
160,0.9963,150078.mp3,zhan-benner_ekstaz-1896.jpg
161,0.9963,001736.mp3,james-webb_mont-st-michel-normandy-1866.jpg
162,0.9963,139534.mp3,fernand-leger_three-characters-1920.jpg
163,0.9963,150266.mp3,rembrandt_holy-family-with-a-curtain-1646.jpg
164,0.9962,139520.mp3,m-c-escher_fiumara-calabria.jpg
165,0.9962,137463.mp3,albrecht-durer_st-thomas-1514.jpg
166,0.9962,149687.mp3,abraham-manievich_untitled-1925-1.jpg
167,0.9962,141876.mp3,luca-signorelli_moses-s-testament-and-death-detail-1482-2.jpg
168,0.9962,135342.mp3,paul-jacoulet_le-sculpteur-de-tokobuei-mers-du-sud-1954.jpg
169,0.9962,141282.mp3,adalbert-erdeli_over-the-water.jpg
170,0.9961,142128.mp3,simon-de-vlieger_stormy-sea-1650.jpg
171,0.9961,005879.mp3,isaac-levitan_portrait-of-sofia-petrovna-kuvshinnikov-1894.jpg
172,0.9961,141166.mp3,frank-stella_union-i-1966.jpg
173,0.9960,137898.mp3,georges-papazoff_composition-blue-background.jpg
174,0.9960,135219.mp3,evelyn-de-morgan_mercury-1873.jpg
175,0.9960,134389.mp3,sam-francis_indigo-wood-1982.jpg
176,0.9959,143219.mp3,franz-kline_hot-jazz-1940.jpg
177,0.9959,142096.mp3,brice-marden_third-letter-2009.jpg
178,0.9959,134388.mp3,abidin-dino_untitled.jpg
179,0.9958,138016.mp3,martin-rico_vista-del-monasterio-de-el-escorial-1858-0.jpg
180,0.9958,142084.mp3,edward-burne-jones_the-dream-of-lancelot-study.jpg
181,0.9958,136323.mp3,lucas-van-leyden_triptych-with-the-adoration-of-the-golden-calf-detail-1530.jpg
182,0.9957,146149.mp3,fons-heijnsbroek_open-head-2007.jpg
183,0.9957,149138.mp3,camille-corot_near-rotterdam-small-houses-on-the-banks-of-a-canal-1854.jpg
184,0.9957,001683.mp3,vincent-van-gogh_four-sketches-of-a-foot-1886.jpg
185,0.9956,141144.mp3,abdul-mati-klarwein_outline-1984.jpg
186,0.9956,144476.mp3,c-r-w-nevinson_a-river-in-england-1944.jpg
187,0.9956,144942.mp3,abraham-storck_czar-peter-the-great-on-board-of-his-yacht-en-route-to-the-pieter-en-paul.jpg
188,0.9956,135039.mp3,abraham-storck_peter-der-grosse-inspiziert-ein-schiff-bei-amsterdam-1700.jpg
189,0.9956,137567.mp3,julian-ashton_reflections-1892.jpg
190,0.9955,147023.mp3,abidin-dino_unknown-title-3.jpg
191,0.9955,138218.mp3,abraham-manievich_a-street-in-the-bronx.jpg
192,0.9955,001702.mp3,louis-comfort-tiffany_reading-lamp-scarab-design-1898.jpg
193,0.9954,138415.mp3,abraham-van-strij_view-on-mediterrian-port.jpg
194,0.9954,137717.mp3,abraham-storck_practice-fight-of-the-dutch-fleet-in-the-honour-of-tzar-peter-the-great-1-sept-1697-fragment.jpg
195,0.9954,142531.mp3,abraham-van-strij_merriment-on-frozen-river.jpg
196,0.9954,145551.mp3,achille-zo_halte-du-soir-autour-du-feu-1860.jpg
197,0.9954,139934.mp3,norval-morrisseau_bear-and-fish-in-cycle.jpg
198,0.9953,143215.mp3,adalbert-erdeli_still-life-with-a-guitar.jpg
199,0.9953,142549.mp3,abdul-mati-klarwein_youre-next-1979.jpg
200,0.9953,136404.mp3,abidin-dino_unknown-title-1.jpg
201,0.9952,149142.mp3,peder-severin-kroyer_luncheon-at-antino.jpg
202,0.9952,139330.mp3,francisco-goya_saint-gregory-1799.jpg
203,0.9952,142536.mp3,tamas-ervin_disaster-1970.jpg
204,0.9951,135028.mp3,john-singleton-copley_lemuel-cox-1770.jpg
205,0.9951,144469.mp3,carmen-oses-hidalgo_retrato-femenino-1936.jpg
206,0.9951,148606.mp3,jules-breton_the-shepherdess.jpg
207,0.9951,135341.mp3,virginia-frances-sterrett_old-french-fairy-tales-1920-14.jpg
208,0.9951,148605.mp3,abidin-dino_vazoda-lale.jpg
209,0.9951,025227.mp3,abraham-manievich_birch-trees-1911.jpg
210,0.9951,141289.mp3,eugene-delacroix_tasso-in-the-madhouse-1839.jpg
211,0.9950,145645.mp3,mark-tobey_flame-of-colors-1974.jpg
212,0.9950,148773.mp3,abidin-dino_unknown-title-10.jpg
213,0.9950,139773.mp3,ivan-aivazovsky_view-of-constantinople-and-the-bosporus.jpg
214,0.9949,000203.mp3,abraham-storck_the-arrival-of-the-russian-embassy-in-amsterdam-29-august-1697-1697.jpg
215,0.9949,144212.mp3,thomas-hill_el-capitan-with-clouds-rest-beyond-yosemite-1901.jpg
216,0.9949,154303.mp3,adalbert-erdeli_sanatorium-synyak-1955.jpg
217,0.9949,005268.mp3,john-constable_yarmouth-pier-1822.jpg
218,0.9949,144741.mp3,abraham-storck_a-dutch-harbour-scene-with-ships-and-bathers-0.jpg
219,0.9948,142528.mp3,eyvind-earle_of-the-hills-and-valleys.jpg
220,0.9948,152418.mp3,abraham-storck_harbour-scene.jpg
221,0.9946,142381.mp3,vasily-perov_paris-sharmanschitsa-sketch-1863.jpg
222,0.9946,150073.mp3,abraham-storck_dam-square-in-amsterdam-1675.jpg
223,0.9945,146683.mp3,abraham-storck_hamn.jpg
224,0.9945,152261.mp3,sam-francis_untitled-sfp88-12-1988.jpg
225,0.9945,144801.mp3,abraham-van-strij_the-fishsaleswoman.jpg
226,0.9945,137167.mp3,abidin-dino_flower-1970.jpg
227,0.9945,000621.mp3,adalbert-erdeli_spring.jpg
228,0.9945,141616.mp3,armando-reveron_la-cueva-1920.jpg
229,0.9944,142949.mp3,tamas-ervin_torsos-1982.jpg
230,0.9944,141286.mp3,camille-pissarro_the-fair-in-dieppe-sunny-morning-1901.jpg
231,0.9944,144945.mp3,louis-comfort-tiffany_windows-church-of-the-covenant-boston-14.jpg
232,0.9944,152543.mp3,roger-weik_ping-2016-2016.jpg
233,0.9944,141285.mp3,charles-willson-peale_charles-waterton-1824.jpg
234,0.9943,143060.mp3,abraham-storck_vue-dun-port-meridional.jpg
235,0.9943,000615.mp3,guercino_the-penitent-magdalen-1649.jpg
236,0.9942,142086.mp3,jean-messagier_les-mangeurs-de-vent.jpg
237,0.9942,149623.mp3,hans-gude_the-lake-of-constance-1888.jpg
238,0.9942,138071.mp3,claude-monet_the-cour-d-albane-grey-weather.jpg
239,0.9941,148510.mp3,jean-miotte_instant-ebloui-1979.jpg
240,0.9940,152480.mp3,daniele-da-volterra_assumption-of-the-virgin-della-rovere-chapel-trinita-dei-monti.jpg
241,0.9939,143221.mp3,edouard-riou_journey-to-the-center-of-the-earth-1864-31.jpg
242,0.9938,001732.mp3,abidin-dino_antibes-1961-1.jpg
243,0.9937,152262.mp3,abidin-dino_lament-nomads-1940.jpg
244,0.9937,139804.mp3,kees-van-dongen_woman-with-green-stockings-1905.jpg
245,0.9936,148214.mp3,ivan-aivazovsky_the-nice-at-night.jpg
246,0.9936,143237.mp3,graca-morais_brinquedos.jpg
247,0.9936,143061.mp3,richard-jack_the-honourable-edith-violet-kathleen-agar-robartes.jpg
248,0.9935,141618.mp3,paul-cezanne_fruit-and-jug-on-a-table.jpg
249,0.9935,147269.mp3,vasily-perov_portrait-of-a-merchant-s-t-kuznetsov-1873.jpg
250,0.9935,147086.mp3,nicholas-roerich_study-of-scene-design-for-snow-maiden-1921-1.jpg
251,0.9934,139771.mp3,eyvind-earle_sierra-madre-foothills.jpg
252,0.9934,142579.mp3,abraham-storck_mediterranean-harbour-scene.jpg
253,0.9933,148032.mp3,achille-zo_la-porta-di-toledo-1869.jpg
254,0.9933,148585.mp3,camille-corot_view-at-riva-italian-tyrol-1834.jpg
255,0.9933,137426.mp3,abraham-storck_a-dutch-harbour-scene-with-ships-and-bathers.jpg
256,0.9933,144943.mp3,hyacinthe-rigaud_suzanne-de-boubers-de-bernatre.jpg
257,0.9932,147268.mp3,iurie-matei_the-source-of-infection-ii-2010.jpg
258,0.9932,136708.mp3,victor-palmov_unknown.jpg
259,0.9932,149099.mp3,georgi-mashev_nostalgia.jpg
260,0.9932,136091.mp3,adalbert-erdeli_female-portrait-1912.jpg
261,0.9932,146961.mp3,edward-burne-jones_baronne-deslandes.jpg
262,0.9931,136466.mp3,abidin-dino_unknown-title-6.jpg
263,0.9931,135220.mp3,bozoky-maria_snowy-landscape-with-crows-1981.jpg
264,0.9931,001259.mp3,giovanni-battista-gaulli_triumph-of-bacchus-and-ariadne-1675.jpg
265,0.9930,141561.mp3,helene-de-beauvoir_les-laveuses-au-bord-de-la-mer.jpg
266,0.9930,145707.mp3,claude-monet_entrance-to-the-port-of-trouville.jpg
267,0.9930,138217.mp3,isaac-levitan_village-1884.jpg
268,0.9929,148604.mp3,adalbert-schaffer_a-still-life-with-fruit-roses-and-a-pitcher-set-on-a-marble-ledge.jpg
269,0.9929,001066.mp3,wlodzimierz-zakrzewski_cmentraz-w-okolicy-atri-1964-60x80-1964.jpg
270,0.9929,150064.mp3,abraham-manievich_late-summer-afternoon-the-bronx.jpg
271,0.9929,138064.mp3,graham-sutherland_fallen-tree-against-sunset-1940.jpg
272,0.9929,147087.mp3,walter-crane_diana-and-endymion-1883.jpg
273,0.9929,148285.mp3,henri-fantin-latour_vase-of-peonies-and-snowballs-1878.jpg
274,0.9928,142566.mp3,vincent-van-gogh_still-life-with-grapes-1887.jpg
275,0.9928,139769.mp3,abidin-dino_drawing.jpg
276,0.9927,025032.mp3,charles-le-brun_hercules.jpg
277,0.9927,138025.mp3,amedeo-modigliani_woman-with-white-coat-1917.jpg
278,0.9927,136467.mp3,paul-revere_colonel-bouquet-1774.jpg
279,0.9927,135364.mp3,ivan-shishkin_alley-of-the-summer-garden-in-st-petersburg-1869.jpg
280,0.9926,139523.mp3,abidin-dino_deniz-k-st-1979.jpg
281,0.9926,145464.mp3,charles-m-russell_wild-meat-for-wild-men-1890.jpg
282,0.9926,141167.mp3,abraham-storck_the-four-days-battle.jpg
283,0.9926,148028.mp3,edelfelt-albert_herdarnas-tillbedjan-1894.jpg
284,0.9925,139112.mp3,abraham-storck_ships-passing-a-windmill.jpg
285,0.9925,135226.mp3,carl-larsson_karin-and-brita-with-cactus-1909.jpg
286,0.9925,150288.mp3,abraham-storck_tableau-de-marine.jpg
287,0.9924,141293.mp3,abraham-manievich_autumn.jpg
288,0.9924,135091.mp3,adalbert-erdeli_caricature-with-a-bottle.jpg
289,0.9924,137174.mp3,miguel-cabrera_the-conversion-of-saint-ignatius-loyola.jpg
290,0.9923,137168.mp3,albrecht-durer_madonna-with-the-siskin-1506.jpg
291,0.9923,143046.mp3,paul-gauguin_bouquet-of-flowers.jpg
292,0.9923,145550.mp3,abraham-van-strij_interior-with-a-woman-and-man.jpg
293,0.9922,144733.mp3,francisco-de-zurbaran_the-savior-blessing-1638.jpg
294,0.9922,148603.mp3,john-singleton-copley_nicholas-boylston.jpg
295,0.9922,144477.mp3,abidin-dino_flower-3.jpg
296,0.9922,138068.mp3,gustave-dore_amateur-from-garden.jpg
297,0.9921,144543.mp3,moise-kisling_not-identified-7.jpg
298,0.9921,135228.mp3,abraham-storck_hollandse-straatvaarders-bij-een-haven-aan-de-middellandse-zee-hollandse-straatvaarders-bij-een.jpg
299,0.9920,150079.mp3,abraham-storck_het-eiland-onrust-bij-batavia-onrust-island-near-batavia-1699.jpg
300,0.9920,139537.mp3,felipe-de-vicente_art-122-2015.jpg
301,0.9919,142537.mp3,abidin-dino_antibes-1961.jpg
302,0.9919,144179.mp3,antonio-jacobsen_the-yacht-defender-on-a-leeward-reach-by-sandy-hook.jpg
303,0.9918,137170.mp3,abraham-van-strij_woman-and-child-in-basement.jpg
304,0.9918,001644.mp3,abraham-manievich_autumn-in-the-park-1925.jpg
305,0.9917,145755.mp3,zinaida-serebriakova_portrait-of-r-ernst-1922.jpg
306,0.9917,145549.mp3,abraham-manievich_camden-1923.jpg
307,0.9916,147085.mp3,toyota-hokkei_chinese-sage-reading-while-riding-on-a-buffalo-1820.jpg
308,0.9916,137211.mp3,abidin-dino_may-68-1968.jpg
309,0.9916,142564.mp3,john-frederick-herring-sr_queen-victorias-favourite-arab-and-dogs.jpg
310,0.9914,149075.mp3,werner-berg_horse-feeding-from-a-tree-1932.jpg
311,0.9914,148302.mp3,karl-bryullov_portrait-of-f-a-bruni-1828.jpg
312,0.9914,142433.mp3,rembrandt-peale_portrait-of-american-revolutionary-war-militia-general-and-us-senator-from-south-carolina-thomas.jpg
313,0.9914,144546.mp3,abraham-van-strij_butcher-in-his-shop.jpg
314,0.9914,137935.mp3,edgar-degas_three-dancers-in-purple-skirts.jpg
315,0.9913,147409.mp3,albert-irvin_renfrew-1983.jpg
316,0.9913,137899.mp3,vincent-van-gogh_the-starry-night-1888-2.jpg
317,0.9913,136424.mp3,abraham-manievich_the-yellow-house.jpg
318,0.9913,142565.mp3,pavel-fedotov_portrait-of-maria-pavlovna-druzhinina.jpg
319,0.9912,142538.mp3,gustave-loiseau_by-the-eure-river-in-summer-1902-1.jpg
320,0.9912,134073.mp3,salvador-dali_portrait-of-alexander-guest-1959.jpg
321,0.9912,145702.mp3,domenico-fiasella_visione-di-san-giovanni.jpg
322,0.9911,146969.mp3,charles-andre-van-loo-carle-van-loo_presentation-of-jesus-in-the-temple-1725.jpg
323,0.9910,143309.mp3,ogata-gekko_nihon-hana-zue-1897.jpg
324,0.9910,001082.mp3,john-martin_belshazzar-s-feast-1820.jpg
325,0.9908,025124.mp3,virginia-frances-sterrett_old-french-fairy-tales-1920-0.jpg
326,0.9908,147815.mp3,abraham-storck_onrust-island-near-batavia-1699.jpg
327,0.9908,148612.mp3,edgar-degas_three-dancers-before-exercise.jpg
328,0.9907,144946.mp3,telemaco-signorini_sketch-for-straw-weavers-at-settignano.jpg
329,0.9906,142091.mp3,abidin-dino_untitled-1971.jpg
330,0.9905,142575.mp3,pieter-brueghel-the-younger_peasants-making-merry-outside-a-tavern-the-swan.jpg
331,0.9905,138256.mp3,edward-hicks_peaceable-kingdom-1833.jpg
332,0.9905,137895.mp3,fernand-leger_the-big-parade.jpg
333,0.9904,145742.mp3,edvard-munch_nude-i-1913.jpg
334,0.9904,145257.mp3,rembrandt_balaam-s-ass-1626.jpg
335,0.9902,141564.mp3,abraham-manievich_rural-landscape-1921.jpg
336,0.9902,145552.mp3,abraham-van-strij_sitting-man-with-dog.jpg
337,0.9901,138015.mp3,pierre-auguste-renoir_breton-landscape-trees-and-moor-1892.jpg
338,0.9901,000821.mp3,edward-lear_howatke-1867.jpg
339,0.9901,152254.mp3,david-cox_wind-rain-and-sunshine-1845.jpg
340,0.9901,148132.mp3,abraham-storck_die-reede-von-enkhuizen.jpg
341,0.9900,145004.mp3,simon-de-vlieger_a-dutch-yacht-from-zeeland-1629.jpg
342,0.9900,138351.mp3,abidin-dino_drawing-pain-self-portrait-1967.jpg
343,0.9900,001684.mp3,aydin-aghdashloo_falling-angels-ii.jpg
344,0.9899,001417.mp3,michel-seuphor_chanson-nocturne-1958.jpg
345,0.9898,025031.mp3,abraham-storck_view-of-a-harbour-on-the-zuiderzee.jpg
346,0.9898,025033.mp3,yu-youhan_mao-1993.jpg
347,0.9898,000892.mp3,abraham-manievich_fall-scene.jpg
348,0.9898,148288.mp3,antonello-da-messina_madonna-and-child-madonna-benson-1470.jpg
349,0.9897,134034.mp3,charles-andre-van-loo-carle-van-loo_theseus-taming-the-bull-of-marathon-1730.jpg
350,0.9897,138063.mp3,jacques-villon_4e-bucolique-pollion-from-les-bucoliques.jpg
351,0.9897,143095.mp3,john-ferren_untitled-1933.jpg
352,0.9896,135229.mp3,adalbert-erdeli_still-life-with-lemons-1955.jpg
353,0.9895,135224.mp3,graham-sutherland_dog-rock-1976.jpg
354,0.9895,136449.mp3,peter-paul-rubens_the-departure-of-lot-and-his-family-from-sodom.jpg
355,0.9894,145730.mp3,alfred-wallis_four-boats-by-a-lighthouse.jpg
356,0.9893,153956.mp3,gazmend-freitag_gabriele-on-the-bamboo-bed-2-0.jpg
357,0.9893,144549.mp3,jose-de-almada-negreiros_a-s-tira-1911.jpg
358,0.9892,149139.mp3,abdul-mati-klarwein_symbole-du-jour-1984.jpg
359,0.9890,139329.mp3,abraham-storck_beach-view-1683.jpg
360,0.9890,144454.mp3,rembrandt_the-mountebank-1635.jpg
361,0.9889,000212.mp3,rene-magritte_portrait-of-e-l-t-mesens-1930.jpg
362,0.9888,144181.mp3,abraham-van-strij_wooden-rafts-pm-the-biesbosch.jpg
363,0.9888,137213.mp3,james-archer_sir-henry-irving-as-mathias-in-the-bells-1872.jpg
364,0.9887,154413.mp3,jean-baptiste-van-loo_francis-godolphin-2nd-earl-of-godolphin-1745.jpg
365,0.9886,137722.mp3,albrecht-durer_soldiers.jpg
366,0.9885,001688.mp3,abraham-storck_die-niederlandische-flotte-auf-der-reede-vor-amsterdam.jpg
367,0.9885,153946.mp3,ivan-kramskoy_portrait-of-sofia-nikolaevna-kramskoy-the-artist-s-wife-1879.jpg
368,0.9884,148218.mp3,abraham-manievich_vinnytsia-yerusalymka-district-1905.jpg
369,0.9883,141304.mp3,andreas-achenbach_coastal-landscape-with-city-view-1875.jpg
370,0.9883,000853.mp3,abraham-manievich_flowers.jpg
371,0.9883,144740.mp3,eastman-johnson_the-freedom-ring-1860.jpg
372,0.9882,145748.mp3,bartolome-esteban-murillo_st-isidor-1655.jpg
373,0.9882,152569.mp3,abraham-storck_gezicht-op-de-laurenskerk-gezien-vanuit-noordoosten-1676.jpg
374,0.9881,145042.mp3,jean-auguste-dominique-ingres_perseus-and-andromeda.jpg
375,0.9881,025030.mp3,diego-rivera_the-embrace-1923.jpg
376,0.9880,001075.mp3,roger-weik_number-59-2013.jpg
377,0.9880,142083.mp3,abraham-manievich_flowers-on-a-yellow-table.jpg
378,0.9878,025215.mp3,janos-mattis-teutsch_peaky-forms-1923.jpg
379,0.9878,001663.mp3,sam-francis_untitled-1953.jpg
380,0.9877,148610.mp3,tamas-ervin_self-portrait-1977.jpg
381,0.9875,141619.mp3,frida-kahlo_portrait-of-lucha-maria-a-girl-from-tehuacan-1942.jpg
382,0.9875,141972.mp3,andreas-achenbach_rowing-on-rough-seas-1903.jpg
383,0.9874,139775.mp3,eleanor-fortescue-brickdale_fine-knacks-for-ladies-cheap-choice-brave-and-new-1920.jpg
384,0.9874,135223.mp3,abraham-manievich_still-life-1930.jpg
385,0.9874,145457.mp3,georgi-kovachev_awaiting-1987.jpg
386,0.9873,152324.mp3,piero-della-francesca_battle-between-heraclius-and-chosroes-detail-1.jpg
387,0.9873,149625.mp3,abidin-dino_abstract-composition.jpg
388,0.9872,000694.mp3,endre-bartos_nightfall-on-the-danube-coast.jpg
389,0.9871,137424.mp3,gustave-dore_don-quixote-38.jpg
390,0.9868,145703.mp3,henry-ossawa-tanner_fishermen-at-sea-1914.jpg
391,0.9867,146148.mp3,toko-shinoda_reminiscence-2005.jpg
392,0.9867,148608.mp3,il-sodoma_st-sebastian-1525.jpg
393,0.9867,138306.mp3,peter-paul-rubens_the-cardinal-infante-1634.jpg
394,0.9865,148532.mp3,eric-ravilious_s-s-brighton-leaving-newhaven-c-1935.jpg
395,0.9864,146727.mp3,andreas-achenbach_sailors-at-stormy-seas-1898.jpg
396,0.9864,135986.mp3,adalbert-erdeli_cityscape.jpg
397,0.9864,000140.mp3,pietro-longhi_the-hunters-and-the-farmers.jpg
398,0.9863,139772.mp3,albrecht-durer_death-of-orpheus-1498.jpg
399,0.9862,147267.mp3,telemaco-signorini_not-being-able-to-wait-or-the-letter-1867.jpg
400,0.9861,148113.mp3,salvador-dali_the-second-coming-of-christ.jpg
401,0.9861,141141.mp3,abdul-mati-klarwein_wet-curve-1981.jpg
402,0.9860,146153.mp3,marc-chagall_study-to-moses-with-the-burning-bush.jpg
403,0.9860,001682.mp3,antonio-calderara_spazio-luce-1961.jpg
404,0.9859,138581.mp3,fernand-leger_the-disc-1918.jpg
405,0.9859,153955.mp3,adalbert-schaffer_stillleben-mit-fruchten-rosen-prunkkelch-und-vogel-1850.jpg
406,0.9857,144548.mp3,claude-monet_lane-in-the-vineyards-at-argenteuil.jpg
407,0.9856,145724.mp3,henri-matisse_pont-saint-michel-paris-1895.jpg
408,0.9856,137631.mp3,abraham-storck_a-mock-sea-battle-on-the-ij-in-honour-of-the-russian-ambassadors-mock-battle-on-the-ij-on-the.jpg
409,0.9855,139990.mp3,achille-zo_bullfight-scene.jpg
410,0.9854,144215.mp3,camille-pissarro_the-roundelay-1892.jpg
411,0.9853,145777.mp3,maurycy-gottlieb_portrait-of-a-boy-from-the-gottlieb-family-1875.jpg
412,0.9853,146151.mp3,george-romney_reverend-daniel-wilson-1760.jpg
413,0.9853,005158.mp3,abdul-mati-klarwein_robert-graves-1958.jpg
414,0.9853,005940.mp3,claude-monet_the-cour-d-albane.jpg
415,0.9853,138010.mp3,yuriy-zlotnikov_moscow-1956.jpg
416,0.9851,142093.mp3,paula-modersohn-becker_sketch-with-six-figure-compositions-1907.jpg
417,0.9849,142359.mp3,eastman-johnson_a-ride-for-freedom-the-fugitive-slaves-1862.jpg
418,0.9849,145260.mp3,charles-m-russell_deer-in-the-dell-1909.jpg
419,0.9849,145761.mp3,eastman-johnson_musical-instinct-1869.jpg
420,0.9848,139663.mp3,henri-regnault_berger-des-montagnes-de-la-castille.jpg
421,0.9847,142568.mp3,ilya-mashkov_berries-on-the-background-of-a-red-tray-1908.jpg
422,0.9847,148289.mp3,edouard-riou_a-whale-swims-between-two-icebergs-where-it-is-crushed-the-whalers-manage-to-cut-the-wire-in-time.jpg
423,0.9847,149369.mp3,adalbert-erdeli_a-road-along-the-river-1940.jpg
424,0.9846,142133.mp3,abraham-storck_beach-view.jpg
425,0.9846,149141.mp3,edouard-riou_story-le-rubis-du-grand-lama-7.jpg
426,0.9845,152258.mp3,asher-brown-durand_hudson-river-sketch.jpg
427,0.9844,144545.mp3,eyvind-earle_grazing-in-peace-1970.jpg
428,0.9844,139491.mp3,theophile-steinlen_musettes-gross.jpg
429,0.9844,138215.mp3,wassily-kandinsky_improvisation-dreamy-1913.jpg
430,0.9843,142572.mp3,abraham-manievich_unknown-title.jpg
431,0.9843,149101.mp3,abraham-manievich_paris-street.jpg
432,0.9842,148513.mp3,hans-andersen-brendekilde_kain-ved-sit-arbejde-i-marken-efter-at-have-ihjelslaet-sin-broder-abel-1896.jpg
433,0.9840,148186.mp3,josef-capek_the-african-king.jpg
434,0.9839,152103.mp3,abraham-storck_four-days-battle.jpg
435,0.9838,137724.mp3,raiskina-marina_women-of-a-sort-2006.jpg
436,0.9838,138070.mp3,jan-miense-molenaer_bauernhochzeit-1659.jpg
437,0.9836,144936.mp3,abraham-storck_voiliers.jpg
438,0.9836,137172.mp3,adalbert-schaffer_prunkstilleben-1857.jpg
439,0.9835,142516.mp3,jean-honore-fragonard_marie-madeleine-guimard.jpg
440,0.9835,144423.mp3,emily-carr_heart-of-the-forest-1935.jpg
441,0.9834,145556.mp3,albert-julius-olsson_waterfall-in-sweden-1940.jpg
442,0.9833,138416.mp3,claude-monet_water-lilies-9.jpg
443,0.9833,139461.mp3,abraham-storck_self-portrait.jpg
444,0.9832,142641.mp3,gerard-van-honthorst_portrait-of-portrait-of-amalia-of-solms-braunfels-1635.jpg
445,0.9832,144935.mp3,abraham-manievich_autumn-day.jpg
446,0.9832,139532.mp3,mikalojus-ciurlionis_hymn-ii.jpg
447,0.9831,000708.mp3,abidin-dino_flower-1970-1.jpg
448,0.9831,147020.mp3,abidin-dino_soyut-kompozisyon.jpg
449,0.9830,144550.mp3,samuel-peploe_still-life-with-a-melon-and-apples.jpg
450,0.9829,005264.mp3,christian-ludwig-attersee_euterscheuche-1980.jpg
451,0.9827,139992.mp3,honore-daumier_a-famous-cause.jpg
452,0.9827,001685.mp3,gustav-klimt_the-virgin-1913.jpg
453,0.9827,148518.mp3,adalbert-erdeli_flowers-in-a-vase.jpg
454,0.9827,145258.mp3,abidin-dino_hand.jpg
455,0.9825,141875.mp3,richard-oelze_in-eigenem-garten-1968.jpg
456,0.9824,001069.mp3,erich-heckel_house-in-dangast-the-white-house-1908.jpg
457,0.9824,139994.mp3,abraham-van-strij_contemplation-of-a-drawing.jpg
458,0.9824,141562.mp3,abraham-storck_view-of-amsterdam-with-the-ij-1690.jpg
459,0.9823,135227.mp3,pablo-picasso_portrait-of-corina-romeu-1902.jpg
460,0.9823,138039.mp3,theodoros-stamos_untitled-columns-of-fire-1956.jpg
461,0.9821,135225.mp3,robert-rauschenberg_historic-detour-scenario-2006.jpg
462,0.9820,141291.mp3,owen-jones_greek-no-6-ornaments-from-greek-and-etruscan-vases.jpg
463,0.9820,000207.mp3,konstantinos-maleas_view-of-kalavryta.jpg
464,0.9819,147780.mp3,abraham-storck_een-rivierzicht.jpg
465,0.9819,142085.mp3,abraham-storck_an-english-yacht-saluting-a-dutch-man-of-war-in-the-port-of-rotterdam-1708.jpg
466,0.9817,142529.mp3,abraham-manievich_snow-covered-street.jpg
467,0.9816,139933.mp3,victor-pasmore_sun-and-sky-1979.jpg
468,0.9815,148124.mp3,hans-andersen-brendekilde_to-born-i-en-landsby-gade-1921.jpg
469,0.9815,135010.mp3,william-blake_los-entering-the-grave-1820.jpg
470,0.9814,001073.mp3,frida-kahlo_self-portrait-with-stalin-1954.jpg
471,0.9813,149078.mp3,abraham-manievich_unfinished-painting.jpg
472,0.9813,148120.mp3,sarunas-sauka3_ikyrios-mintys-1991.jpg
473,0.9812,148133.mp3,adalbert-erdeli_mountain-landscape-1930.jpg
474,0.9810,000211.mp3,abraham-storck_a-view-of-nafplion-in-greece-with-dutch-indiamen-galleys-and-other-vessels-offshore.jpg
475,0.9809,139991.mp3,pablo-picasso_candle-palette-head-of-red-bull-1938.jpg
476,0.9806,145259.mp3,michelangelo_annunciation-study-1547.jpg
477,0.9806,137896.mp3,abraham-manievich_beyond-the-trees.jpg
478,0.9805,138060.mp3,camille-corot_roman-countryside.jpg
479,0.9805,001689.mp3,frans-hals_young-man-and-woman-in-an-inn-yonker-ramp-and-his-sweetheart-1623.jpg
480,0.9804,138410.mp3,charles-turner_william-emerson-1812.jpg
481,0.9804,146879.mp3,abidin-dino_bal-k-pazar-1930.jpg
482,0.9802,148211.mp3,eyvind-earle_sunrise-1998.jpg
483,0.9802,139862.mp3,ivan-aivazovsky_rocks-in-the-mist-1890.jpg
484,0.9801,000704.mp3,maurice-esteve_composition-166-1957-1.jpg
485,0.9799,137151.mp3,andrea-del-verrochio_madonna-lactans.jpg
486,0.9798,148234.mp3,abidin-dino_unknown-title-7.jpg
487,0.9795,147024.mp3,wassily-kandinsky_murnau-with-a-church-1910.jpg
488,0.9793,025028.mp3,zinaida-serebriakova_boy-musician-1928.jpg
489,0.9792,144213.mp3,abraham-manievich_street-in-a-provincial-town-1915.jpg
490,0.9792,145705.mp3,abraham-manievich_landscape.jpg
491,0.9787,143058.mp3,elena-bontea_sunflower-1965.jpg
492,0.9786,141735.mp3,theophile-steinlen_sur-les-flots-bleux-7186.jpg
493,0.9786,142092.mp3,rembrandt_the-beheading-of-john-the-baptist-1640.jpg
494,0.9785,145727.mp3,edward-burne-jones_gudrun-setting-fire-to-atli-s-palace-1897.jpg
495,0.9785,145750.mp3,georges-valmier_the-cattle-on-the-mountain-1922.jpg
496,0.9784,141137.mp3,martin-johnson-heade_magnolias-on-gold-velvet-cloth-1890.jpg
497,0.9783,142947.mp3,abraham-manievich_untitled.jpg
498,0.9782,148286.mp3,david-cox_the-wayfarers.jpg
499,0.9782,147191.mp3,vincent-van-gogh_tree-roots-1890.jpg
500,0.9781,137423.mp3,rashid-al-khalifa_metamorphosis-iv-1997.jpg
501,0.9781,142570.mp3,abidin-dino_hand-1950.jpg
502,0.9780,001687.mp3,virginia-frances-sterrett_old-french-fairy-tales-1920-13.jpg
503,0.9778,137901.mp3,abraham-manievich_town-street.jpg
504,0.9777,141290.mp3,abraham-storck_departure-of-william-iii-from-hellevoetsluis-19-october-1688-1688.jpg
505,0.9775,001735.mp3,louis-philippe-crepin_battle-of-trafalgar.jpg
506,0.9775,149712.mp3,abidin-dino_unknown-title-2.jpg
507,0.9772,146968.mp3,gustave-courbet_portrait-of-juliette-courbet-as-a-sleeping-child-1841.jpg
508,0.9772,000534.mp3,william-collins_rustic-civility-1833.jpg
509,0.9771,154307.mp3,abraham-storck_walfang-im-polarmeer.jpg
510,0.9770,149776.mp3,richard-eurich_a-ships-boat-at-sea-1941.jpg
511,0.9768,148131.mp3,artus-scheiner_illustration-for-tales-from-shakespeare-1923-2.jpg
512,0.9764,149100.mp3,abraham-manievich_barn-with-figures.jpg
513,0.9760,138023.mp3,salvador-dali_the-god-of-the-bay-of-roses-1944.jpg
514,0.9759,142088.mp3,ernst-wilhelm-nay_red-in-red-i-1965.jpg
515,0.9759,148190.mp3,edward-burne-jones_portrait-of-a-young-boy.jpg
516,0.9758,138580.mp3,vasily-perov_merrymaking-in-paris-1864.jpg
517,0.9757,145708.mp3,tano-festa_ritratto-dell-attore-alain-delon-1975.jpg
518,0.9752,136705.mp3,helene-schjerfbeck_the-gipsy-woman-1919.jpg
519,0.9751,136707.mp3,serge-brignoni_anatomic-cross-section-1976.jpg
520,0.9750,146478.mp3,theophile-steinlen_la-greve-des-juifs-1898.jpg
521,0.9750,001277.mp3,achille-zo_marguerite-in-church-listening-to-the-dies-irae.jpg
522,0.9748,145709.mp3,abraham-van-strij_interior-with-soldier-and-maid.jpg
523,0.9747,145706.mp3,dante-gabriel-rossetti_joli-coeur-french-for-1867.jpg
524,0.9747,137419.mp3,william-hawkins_big-jumbo-1988.jpg
525,0.9746,145189.mp3,telemaco-signorini_the-toepath-1864.jpg
526,0.9744,145783.mp3,wilhelm-von-kaulbach_mentally-ill-patients-in-the-garden-of-an-asylum.jpg
527,0.9744,134385.mp3,jean-cocteau_prometheus-1946.jpg
528,0.9744,000194.mp3,edouard-manet_portrait-of-irma-brunner.jpg
529,0.9744,150018.mp3,allan-kaprow_calling-1966.jpg
530,0.9741,153337.mp3,marc-chagall_portrait-of-vava.jpg
531,0.9740,143098.mp3,graham-sutherland_devastation-house-in-wales-1939.jpg
532,0.9737,147022.mp3,abraham-manievich_spring-in-kyiv-s-kurenivka-district-1915.jpg
533,0.9736,137990.mp3,ferdinand-bol_portrait-of-pieter-bouwens-1658.jpg
534,0.9735,138213.mp3,william-blake_night-startled-by-the-lark-1820.jpg
535,0.9735,145756.mp3,currier-and-ives_a-brush-on-the-snow-1871.jpg
536,0.9733,146685.mp3,pietro-perugino_polyptych-of-st-peter-san-mauro-1500.jpg
537,0.9733,145745.mp3,georg-baselitz_p-d-zeichnung-1963.jpg
538,0.9730,142535.mp3,josef-capek_devcata-na-kopci-1936.jpg
539,0.9730,148217.mp3,henryk-siemiradzki_a-dangerous-game.jpg
540,0.9728,148303.mp3,abraham-manievich_winter-scene-with-church-1911.jpg
541,0.9727,136094.mp3,francisco-goya_manuel-godoy-duke-of-alcudia-prince-of-peace-1801.jpg
542,0.9726,025216.mp3,luca-signorelli_pair-of-apostles-in-dispute-1482.jpg
543,0.9723,144465.mp3,jan-dirksz-both_a-mountain-path-1650.jpg
544,0.9722,138041.mp3,peter-paul-rubens_rubens-rubens-his-wife-helena-fourment-and-their-son-peter-paul-1639.jpg
545,0.9720,142569.mp3,william-orpen_masked-figures.jpg
546,0.9718,025232.mp3,zinaida-serebriakova_emerging-from-the-bath-1928.jpg
547,0.9717,136465.mp3,abraham-storck_gezicht-op-het-ij-bij-amsterdam.jpg
548,0.9717,144933.mp3,adalbert-erdeli_engaged-1953.jpg
549,0.9716,136995.mp3,salvador-dali_portrait-of-frau-isabel-styler-tas.jpg
550,0.9715,143532.mp3,graham-sutherland_narrow-road-between-hedges-1939.jpg
551,0.9712,141569.mp3,olga-albizu_untitled-1965.jpg
552,0.9711,143306.mp3,jaroslav-keluc_winter-landscape.jpg
553,0.9710,145704.mp3,charles-blackman_untitled-the-red-bow.jpg
554,0.9708,148114.mp3,marc-chagall_gogol-and-chagall.jpg
555,0.9707,134054.mp3,pierre-auguste-renoir_cagnes-landscape-1908-1.jpg
556,0.9704,000709.mp3,abidin-dino_bloom-1990-1.jpg
557,0.9703,144170.mp3,gustave-courbet_a-young-woman-reading-1868.jpg
558,0.9702,142668.mp3,abidin-dino_nomads-portrait-of-a-woman-1940.jpg
559,0.9696,001681.mp3,francois-lemoyne_the-amorous-proposal.jpg
560,0.9695,145432.mp3,red-grooms_deli-2004.jpg
561,0.9692,145747.mp3,samuel-buri_new-frontiers-slogan-von-j-f-kennedy-1964.jpg
562,0.9691,001703.mp3,asher-brown-durand_guard-house-catskill-mountains-1857.jpg
563,0.9684,135221.mp3,salvador-dali_scene-in-the-courtyard-of-the-escorial-with-a-figure-in-the-foreground-inspired-by-michelangelo.jpg
564,0.9683,148611.mp3,abraham-manievich_house-workers-in-the-bronx.jpg
565,0.9679,148121.mp3,oswald-achenbach_feuerwerk-vor-neapel.jpg
566,0.9679,136994.mp3,abidin-dino_unknown-title-4.jpg
567,0.9677,134359.mp3,abraham-storck_southern-port-with-figures-and-ships.jpg
568,0.9676,149951.mp3,abraham-van-strij_winter-landscape.jpg
569,0.9673,144467.mp3,yuriy-zlotnikov_1958.jpg
570,0.9670,148287.mp3,joan-ponc_untitled-1982-1.jpg
571,0.9669,148514.mp3,abidin-dino_drawing-pain-1968.jpg
572,0.9669,001733.mp3,peter-busa_embullient-chord.jpg
573,0.9667,138318.mp3,pablo-picasso_an-artist-1963.jpg
574,0.9667,142078.mp3,varlin_der-hund-lapponio.jpg
575,0.9665,139776.mp3,james-webb_st-michael-s-mount-1861.jpg
576,0.9665,142360.mp3,charles-blackman_night-window.jpg
577,0.9663,145741.mp3,el-greco_the-virgin-of-the-immaculate-conception-1.jpg
578,0.9662,144182.mp3,jules-alexandre-grun_untitled.jpg
579,0.9661,025378.mp3,david-burliuk_bouquet-by-the-sea-1960.jpg
580,0.9661,138320.mp3,edward-ruscha_flash-l-a-times-1963.jpg
581,0.9661,135370.mp3,jorge-martins_har-m-m-ope-1969.jpg
582,0.9659,145476.mp3,abraham-storck_embarkation-of-soldiers-near-the-montelbaanstoren.jpg
583,0.9658,143304.mp3,george-stefanescu_magical-ritual-2001.jpg
584,0.9657,148231.mp3,alfred-freddy-krupa_three-lombardy-poplars-and-starry-sky-2018.jpg
585,0.9654,000005.mp3,roger-weik_whisper-2005.jpg
586,0.9653,145475.mp3,rembrandt_the-triumph-of-mordechai-1641.jpg
587,0.9652,145728.mp3,abraham-manievich_troika-in-the-snow-1910.jpg
588,0.9649,152253.mp3,karoly-ferenczy_portrait-of-p-l-szinyei-merse-1910.jpg
589,0.9648,137715.mp3,abidin-dino_unknown-title-11.jpg
590,0.9648,149422.mp3,m-c-escher_not_detected_204682.jpg
591,0.9647,145760.mp3,adalbert-erdeli_girl-in-red.jpg
592,0.9647,144547.mp3,abraham-storck_havnescene-med-middelalderlig-bygning-1674.jpg
593,0.9647,139688.mp3,james-webb_after-the-storm.jpg
594,0.9644,137176.mp3,khimich-yuriy-ivanovich_tri-vezhi-1962.jpg
595,0.9642,138053.mp3,wassily-kandinsky_soft-roughness-1933.jpg
596,0.9640,144934.mp3,abraham-storck_italiaanse-haven.jpg
597,0.9638,135363.mp3,jose-maria-velasco_hacienda-de-coapa-y-los-volcanes-1897.jpg
598,0.9638,148439.mp3,adalbert-erdeli_alley-in-the-park.jpg
599,0.9638,144487.mp3,tom-scott_herding-sheep-1906.jpg
600,0.9634,136276.mp3,henri-matisse_bouquet-of-anemones-1918.jpg
601,0.9634,143308.mp3,alberto-sughi_the-clercks-1956.jpg
602,0.9631,137900.mp3,adalbert-erdeli_landscape-with-houses-1930.jpg
603,0.9631,148607.mp3,claude-monet_the-pave-de-chailly-in-the-fontainbleau-forest.jpg
604,0.9628,154309.mp3,giovanni-battista-gaulli_pope-alexander-vii.jpg
605,0.9625,149083.mp3,abraham-van-strij_fish-salesman-at-woman-and-chidren.jpg
606,0.9621,144940.mp3,louis-comfort-tiffany_pumpkin-and-beets-window-1900.jpg
607,0.9620,149842.mp3,paul-gauguin_still-life-with-red-mullet-and-jug-1876.jpg
608,0.9616,135222.mp3,robert-rauschenberg_persimmon-1964.jpg
609,0.9615,148215.mp3,felix-vallotton_reclining-female-nude.jpg
610,0.9615,143995.mp3,vincent-van-gogh_pollard-willows-and-setting-sun-1888.jpg
611,0.9609,146150.mp3,abidin-dino_kadin-fig-r.jpg
612,0.9607,143299.mp3,tiberiy-szilvashi_untitled-2012-4.jpg
613,0.9605,141164.mp3,john-bratby_swim-pool.jpg
614,0.9603,001673.mp3,abraham-manievich_portrait-of-the-artist-s-wife-1929.jpg
615,0.9602,148517.mp3,alfred-wallis_nine-ships-in-harbour.jpg
616,0.9601,141901.mp3,chaim-soutine_the-musician-1927.jpg
617,0.9598,137418.mp3,abraham-storck_marine.jpg
618,0.9596,138022.mp3,camille-corot_dieppe-end-of-a-pier-and-the-sea-1822.jpg
619,0.9596,142666.mp3,george-romney_mrs-john-matthews-1786.jpg
620,0.9596,141567.mp3,pablo-picasso_the-bird-cage.jpg
621,0.9596,149689.mp3,bozoky-maria_kolner-serie-11-1980.jpg
622,0.9595,143300.mp3,marianne-stokes_death-and-the-maiden.jpg
623,0.9591,145754.mp3,joseph-lorusso_windows-i.jpg
624,0.9588,143039.mp3,karl-knaths_maritime-1931.jpg
625,0.9587,000193.mp3,benny-andrews_top-floor-1965.jpg
626,0.9586,001427.mp3,william-leighton-leitch_st-goar-um-1835-engraving-by-j-w-archer-after-leitch.jpg
627,0.9584,143220.mp3,edgar-degas_dancers-in-a-box.jpg
628,0.9582,144600.mp3,pablo-picasso_head-of-a-man-1908.jpg
629,0.9581,136134.mp3,zhang-xiaogang_bloodline.jpg
630,0.9579,138317.mp3,patrick-henry-bruce_painting-1930.jpg
631,0.9573,135044.mp3,marc-chagall_asking-the-way.jpg
632,0.9572,149370.mp3,joan-miro_head-of-a-catalan-peasant-2.jpg
633,0.9569,025235.mp3,abraham-manievich_quiet-autumn-day.jpg
634,0.9568,144474.mp3,theophile-steinlen_le-rayon-de-soleil.jpg
635,0.9557,144171.mp3,jozef-mehoffer_the-sacred-heart-of-jesus-1911.jpg
636,0.9556,135338.mp3,abraham-manievich_bronx-river-park.jpg
637,0.9553,145241.mp3,achille-zo_posada-san-rafael-a-cordoue-1861.jpg
638,0.9552,137998.mp3,domenico-fiasella_josephs-coat-brought-to-jacob-1640.jpg
639,0.9552,150287.mp3,albrecht-durer_the-cross-of-christ-with-saint-veronica.jpg
640,0.9551,145710.mp3,gustave-loiseau_the-garden-behind-the-house-1915.jpg
641,0.9545,142089.mp3,gustave-dore_the-ark-is-returned-to-beth-shemesh.jpg
642,0.9544,149700.mp3,leon-bakst_medee-jean-anouilh.jpg
643,0.9543,138311.mp3,frederick-morgan_skipping-1896.jpg
644,0.9542,143318.mp3,chronis-botsoglou_study-1965.jpg
645,0.9542,147265.mp3,thomas-jones_buildings-in-naples-1782.jpg
646,0.9542,141591.mp3,jean-hugo_untitled-1947.jpg
647,0.9541,000890.mp3,frederic-edwin-church_parthenon-1869-0.jpg
648,0.9541,143307.mp3,evelyn-de-morgan_demorgan-evelyn-city-of-light-1894.jpg
649,0.9538,145749.mp3,thomas-lawrence_sir-mark-sykes-henrietta-masterman-sykes-and-tatton-sykes.jpg
650,0.9538,142950.mp3,abraham-storck_die-niederlandische-flotte-auf-der-reede-vor-amsterdam-0.jpg
651,0.9534,144475.mp3,adalbert-erdeli_still-life-with-a-clock.jpg
652,0.9532,138212.mp3,matthew-smith_two-leaved-screen-leda-and-the-swan-recto-1925.jpg
653,0.9528,148099.mp3,adalbert-erdeli_caricature-1943.jpg
654,0.9526,150265.mp3,paula-modersohn-becker_peat-digging-1902.jpg
655,0.9525,150017.mp3,peter-paul-rubens_adoration-of-the-shepherds-1608.jpg
656,0.9524,145653.mp3,wayne-thiebaud_lipsticks-1964.jpg
657,0.9523,134443.mp3,roman-selsky_yellow-flowers-1981.jpg
658,0.9521,153452.mp3,abraham-manievich_cloudy-day-bridgeport-connecticut-1939.jpg
659,0.9518,001924.mp3,pierre-auguste-renoir_dancer-1874.jpg
660,0.9518,000182.mp3,salvador-dali_stage-curtain-for-the-ballet-cafe-de-chinitas.jpg
661,0.9516,154308.mp3,claude-monet_path-through-the-irises-02-1917.jpg
662,0.9516,000190.mp3,matthias-stom_portrait-of-saint-ambrose-1639.jpg
663,0.9514,143055.mp3,jean-honore-fragonard_the-cradle-1765.jpg
664,0.9514,144552.mp3,abraham-storck_embarkation-of-soldiers-near-the-montelbaanstoren-1690.jpg
665,0.9514,139522.mp3,nicolaes-maes_old-woman-dozing-1656.jpg
666,0.9512,139876.mp3,francisco-goya_the-ill-matched-couple.jpg
667,0.9512,139954.mp3,hieronymus-bosch_group-of-male-figures.jpg
668,0.9512,138069.mp3,le-nain-brothers_landscape-with-an-old-woman.jpg
669,0.9510,139110.mp3,anthony-van-dyck_charles-i-on-horseback.jpg
670,0.9506,141180.mp3,otto-mueller_zwei-badende-madchen-1925.jpg
671,0.9496,146724.mp3,abidin-dino_self-portrait-1973.jpg
672,0.9496,137054.mp3,franz-sedlacek_abendlied-1938.jpg
673,0.9494,141295.mp3,paul-cezanne_man-standing-arms-extended.jpg
674,0.9493,139681.mp3,charles-robinson_the-happy-prince-1913.jpg
675,0.9490,000574.mp3,adalbert-erdeli_still-life-with-authors-sculpture-1930.jpg
676,0.9487,148208.mp3,hugo-simberg_homeward-bound-1901.jpg
677,0.9473,138040.mp3,theophile-steinlen_returning-home-1897.jpg
678,0.9469,148584.mp3,pieter-claesz_still-life-with-jug-wine-glass-herring-and-bread-1642.jpg
679,0.9466,141300.mp3,vasily-perov_court-pugacheva-1.jpg
680,0.9465,141292.mp3,emile-prisse-davennes_architecture-couronnements-frises-fleuronnees-necropole-de-thebes-xviiie-xxe-dynasties.jpg
681,0.9459,137719.mp3,adalbert-erdeli_self-portrait.jpg
682,0.9459,138067.mp3,luca-signorelli_the-trinity-the-virgin-and-two-saints.jpg
683,0.9459,141173.mp3,john-altoon_untitled-abc-with-yellow-and-green-1967.jpg
684,0.9453,001893.mp3,mstislav-dobuzhinsky_kaunas-cathedral-1931.jpg
685,0.9453,005936.mp3,camille-corot_a-seated-italian-from-paeigno-facing-front.jpg
686,0.9451,149701.mp3,ilya-repin_burlak-1873.jpg
687,0.9445,143296.mp3,abraham-manievich_town-scene-with-bus-stop.jpg
688,0.9444,144492.mp3,ivan-aivazovsky_the-bay-of-naples-by-moonlight-1892.jpg
689,0.9443,146716.mp3,abraham-manievich_still-life-with-fruits.jpg
690,0.9439,025029.mp3,francisco-goya_the-quail-shoot-1775.jpg
691,0.9437,141179.mp3,henry-scott-tuke_gaily-coloured-fishing-vessels-at-anchor.jpg
692,0.9431,001196.mp3,abraham-manievich_street-scene-with-hot-dog-stand.jpg
693,0.9429,142671.mp3,abraham-van-strij_cobbler-and-his-family.jpg
694,0.9428,000368.mp3,theodoros-stamos_infinity-field-jerusalem-series-1983.jpg
695,0.9427,148516.mp3,abdul-mati-klarwein_soundscape-1982.jpg
696,0.9425,149727.mp3,pompeo-batoni_virgin-and-child-with-saints.jpg
697,0.9421,141284.mp3,gustave-loiseau_notre-dame-de-la-clarte-1909.jpg
698,0.9419,150267.mp3,pieter-claesz_still-life-with-salt-tub-1644.jpg
699,0.9415,144941.mp3,george-stefanescu_mountain-lake-1995.jpg
700,0.9411,001443.mp3,abidin-dino_unknown-title.jpg
701,0.9410,139226.mp3,jules-dupre_small-floodplain.jpg
702,0.9404,148537.mp3,abraham-manievich_lyrical-landscape.jpg
703,0.9403,150063.mp3,pierre-auguste-renoir_the-rhone-and-the-seine.jpg
704,0.9403,000695.mp3,mikhail-vrubel_head-of-demon.jpg
705,0.9402,141074.mp3,george-harvey_two-women-and-a-boy-study-for-the-covenanters-preaching-1830.jpg
706,0.9401,139123.mp3,candido-portinari_o-vendedor-de-passarinhos.jpg
707,0.9400,146020.mp3,fernand-leger_the-mechanic-1920.jpg
708,0.9399,138017.mp3,charles-maurin_the-kiss.jpg
709,0.9394,136706.mp3,abraham-storck_shipping-off-amsterdam-1700.jpg
710,0.9393,145780.mp3,ilya-mashkov_portrait-of-a-lady-with-pheasants-1911.jpg
711,0.9390,142358.mp3,alma-woodsey-thomas_red-rose-cantata-1973.jpg
712,0.9390,144944.mp3,abraham-manievich_village-landscape.jpg
713,0.9385,144587.mp3,isaac-levitan_fires.jpg
714,0.9384,001706.mp3,otto-mueller_badende-1911.jpg
715,0.9383,137417.mp3,salvator-rosa_the-assumption-of-the-virgin.jpg
716,0.9381,145020.mp3,abidin-dino_disasters-of-war-evocations-of-goya-1955.jpg
717,0.9381,148441.mp3,howard-pyle_so-the-treasure-was-divided-1905.jpg
718,0.9378,142533.mp3,parmigianino_portrait-of-a-man-1530.jpg
719,0.9376,000705.mp3,abraham-manievich_early-spring-1913.jpg
720,0.9372,001544.mp3,adalbert-erdeli_river-uzh-1930.jpg
721,0.9371,138282.mp3,abraham-manievich_flowers-vase-on-a-hamper.jpg
722,0.9366,144551.mp3,abidin-dino_hand-tribute-to-ingres-1980.jpg
723,0.9365,000213.mp3,diego-rivera_woman-grinding-maize-1924.jpg
724,0.9365,145610.mp3,roger-weik_untitled-2016.jpg
725,0.9360,141873.mp3,joe-tilson_transparency-the-five-senses-taste-1969.jpg
726,0.9357,142361.mp3,abraham-manievich_white-house-with-trees.jpg
727,0.9354,152425.mp3,abraham-manievich_still-life-with-glass.jpg
728,0.9350,134384.mp3,niko-pirosmani_company-visit.jpg
729,0.9349,145477.mp3,eric-fischl_untitled-7.jpg
730,0.9340,142534.mp3,abraham-storck_schip-de-royal-charles-1672.jpg
731,0.9336,001278.mp3,abraham-storck_spiegelgevecht-op-het-ij-te-amsterdam-ter-ere-van-het-bezoek-van-tsaar-peter-de-grote-op-1-september-1705.jpg
732,0.9333,148112.mp3,amedeo-modigliani_caryatid-1911.jpg
733,0.9328,145074.mp3,abraham-storck_shipping-on-the-ij-with-a-view-of-amsterdam-beyond.jpg
734,0.9327,141874.mp3,samuel-peploe_still-life-2.jpg
735,0.9323,139687.mp3,martin-rico_riva-degli-schiavoni-venice.jpg
736,0.9321,149777.mp3,adolf-hiremy-hirschl_portrait-of-the-artists-daughter-maud.jpg
737,0.9317,000424.mp3,nicholas-roerich_shekar-dzong-1933.jpg
738,0.9308,143989.mp3,joseph-anton-koch_waterfall-in-the-bern-highlands-1796.jpg
739,0.9305,025234.mp3,louis-comfort-tiffany_field-of-lilies-window-1916.jpg
740,0.9303,147295.mp3,micaela-eleutheriade_vas-cu-flori.jpg
741,0.9302,146726.mp3,adalbert-erdeli_church-1928.jpg
742,0.9300,146481.mp3,luca-giordano_the-judgement-of-solomon.jpg
743,0.9299,147886.mp3,adalbert-schaffer_rich-still-life-with-flowers-and-fruit.jpg
744,0.9290,144173.mp3,ilya-repin_calvary-crucifixion-study-1869.jpg
745,0.9281,001720.mp3,adalbert-erdeli_caricature-1941.jpg
746,0.9281,138406.mp3,camille-corot_rome-castle-sant-angelo.jpg
747,0.9279,142672.mp3,lorenzo-monaco_crucifixion-1410.jpg
748,0.9279,145199.mp3,david-scott_philoctetes-left-on-the-isle-of-lemnos-by-the-greeks-on-their-passage-towards-troy-1840.jpg
749,0.9276,000620.mp3,manuela-sambo_the-sence-of-adventure-2013.jpg
750,0.9270,145067.mp3,marc-horowitz_reel-83-the-regeneration-is-slowing-2016.jpg
751,0.9269,144468.mp3,helene-de-beauvoir_flight-of-a-seagull.jpg
752,0.9269,147412.mp3,george-stefanescu_harlequin-1999.jpg
753,0.9263,138021.mp3,raphael_study-for-the-holy-family-1518.jpg
754,0.9261,135339.mp3,gustave-dore_the-inferno-canto-6.jpg
755,0.9261,001276.mp3,jean-auguste-dominique-ingres_the-songs-of-ossian-1813.jpg
756,0.9259,135373.mp3,roger-weik_number-19-2013.jpg
757,0.9259,142573.mp3,vincent-van-gogh_portrait-of-camille-roulin-1888.jpg
758,0.9252,000993.mp3,adalbert-erdeli_portrait-of-an-unknown-1927.jpg
759,0.9251,145746.mp3,achille-zo_portrait-of-the-dwarf-tomas-montoto.jpg
760,0.9248,137166.mp3,abraham-van-strij_the-young-draughtsman.jpg
761,0.9239,000777.mp3,jean-auguste-dominique-ingres_pere-desmarets.jpg
762,0.9234,139637.mp3,nicholas-roerich_order-of-rigden-jyepo-study.jpg
763,0.9232,000200.mp3,abraham-van-strij_view-on-dordrecht.jpg
764,0.9212,146725.mp3,abraham-manievich_alexander-square-kiev.jpg
765,0.9211,154305.mp3,abraham-storck_an-italian-harbor.jpg
766,0.9205,148587.mp3,henri-matisse_blasted-oak-bohain-1903.jpg
767,0.9205,138066.mp3,albert-bierstadt_rocky-mountain-landscape-1870.jpg
768,0.9204,142532.mp3,joseph-anton-koch_noahs-offers-up-thanks-1814.jpg
769,0.9194,148430.mp3,adalbert-schaffer_a-watermelon-and-other-fruit-by-an-ornamental-ewer.jpg
770,0.9194,137716.mp3,charles-blackman_circle-of-friends.jpg
771,0.9190,143305.mp3,rene-magritte_the-man-of-the-sea-1927.jpg
772,0.9188,147956.mp3,camille-pissarro_the-oise-at-pontoise-in-bad-weather-1876.jpg
773,0.9178,145751.mp3,el-greco_portrait-of-a-man.jpg
774,0.9172,139117.mp3,niko-pirosmani_threshing-floor-at-dusk-1916.jpg
775,0.9171,142530.mp3,abraham-van-strij_milking-time.jpg
776,0.9168,137214.mp3,joan-miro_naked-woman-climbing-a-staircase-1937.jpg
777,0.9167,148519.mp3,fyodor-bronnikov_the-old-beggar-1869.jpg
778,0.9155,001197.mp3,james-archer_thomas-alexander-graham-artist.jpg
779,0.9152,139485.mp3,abraham-manievich_still-life-with-green-vase-and-flowers.jpg
780,0.9148,135089.mp3,marc-chagall_illustration-for-louis-aragon-s-work-one-who-says-things-without-saying-anything-1976-19.jpg
781,0.9142,137720.mp3,theophile-steinlen_misere-et-splendeur-1908.jpg
782,0.9132,142563.mp3,jean-honore-fragonard_pasha.jpg
783,0.9121,138024.mp3,camille-corot_a-cow-and-its-keeper-1872.jpg
784,0.9109,149102.mp3,victor-brauner_la-bretonne-1959.jpg
785,0.9101,001510.mp3,adalbert-schaffer_blumenstillleben-1849.jpg
786,0.9080,146019.mp3,walter-crane_protestant-cemetery.jpg
787,0.9080,146687.mp3,tom-thomson_sketch-for-the-west-wind-1916.jpg
788,0.9079,145027.mp3,george-harvey_lost-child-restored-to-his-mother-1829.jpg
789,0.9078,146988.mp3,adalbert-erdeli_in-the-foothills-of-the-carpathians.jpg
790,0.9070,145917.mp3,georgi-kovachev_self-portrait-1978.jpg
791,0.9061,138207.mp3,charles-m-russell_coming-across-the-plain-1901.jpg
792,0.9061,148187.mp3,frank-w-benson_my-sister-1885.jpg
793,0.9053,141375.mp3,andre-derain_valley-of-the-lot-at-vers-1912.jpg
794,0.9043,148031.mp3,albrecht-durer_st-philip-1526.jpg
795,0.9034,001666.mp3,abraham-van-strij_sitting-old-man-waiting-in-hall.jpg
796,0.9028,005521.mp3,hieronymus-bosch_the-carrying-of-the-cross-christ-and-st-veronica.jpg
797,0.9027,001704.mp3,gregoire-boonzaier_farmhouse-with-bare-oaks-1942.jpg
798,0.9024,148235.mp3,palma-il-giovane_penitent-woman-anointing-the-feet-of-christ-at-the-table-of-simon-the-pharisee.jpg
799,0.9000,000625.mp3,kuzma-petrov-vodkin_head-of-boys-1918.jpg
800,0.8999,136928.mp3,emile-prisse-davennes_peinture-arrivee-dune-famille-asiatique-en-egypte-beni-hacen-xiie-dynastie.jpg
801,0.8981,154306.mp3,hubert-robert_milk-distribution-to-the-prisioneers-at-st-lazares-prision-1794.jpg
802,0.8980,137627.mp3,camille-corot_ch%C3%A2teau-de-rosny-1840.jpg
803,0.8962,145758.mp3,abraham-van-strij_herdsmen-in-landscape.jpg
804,0.8942,001040.mp3,georges-seurat_the-painter.jpg
805,0.8924,145759.mp3,giuseppe-maria-crespi_the-seven-sacraments-baptism-1712.jpg
806,0.8919,135092.mp3,carle-vernet_balashov-alexander-dmitrievich-1808.jpg
807,0.8915,144473.mp3,raphael_the-madonna-of-the-blue-diadem-or-the-madonna-of-the-veil.jpg
808,0.8915,149775.mp3,theophile-steinlen_jasante-de-la-vielle-1902.jpg
809,0.8903,146989.mp3,abraham-storck_malningen-fyradagarslaget-1-4-juni-1666.jpg
810,0.8898,146152.mp3,abraham-storck_dutch-shipping-in-an-estuary.jpg
811,0.8895,148443.mp3,thomas-pollock-anshutz_portrait-of-katharine-rice-1900.jpg
812,0.8894,142094.mp3,patrick-pietropoli_triptych-i-new-york-from-the-top.jpg
813,0.8887,025233.mp3,cornelis-vreedenburgh_pier-inn-the-bay-of-st-tropez.jpg
814,0.8882,149124.mp3,toby-edward-rosenthal_der-klingenturm-in-rothenburg-ob-der-taube.jpg
815,0.8879,135336.mp3,dmitry-levitzky_ivan-bilibin-1801.jpg
816,0.8878,147413.mp3,felix-vallotton_still-life-in-chinese-painting-1925.jpg
817,0.8865,145555.mp3,alexander-ivanov_head-of-a-man-study-of-the-figure-of-paralytic-for-the-painting-the-appearance-of-christ-to-the.jpg
818,0.8839,146147.mp3,vincent-van-gogh_wooden-sheds-1889.jpg
819,0.8837,141182.mp3,albrecht-durer_king-david-does-repentance.jpg
820,0.8829,138065.mp3,leonardo-da-vinci_a-plan-of-imola-1502.jpg
821,0.8824,142669.mp3,rembrandt-peale_portrait-of-john-c-calhoun.jpg
822,0.8824,144810.mp3,morteza-katouzian_a-gil-whit-a-doll-2002.jpg
823,0.8816,134445.mp3,george-caleb-bingham_miss-sallie-ann-camden-1839.jpg
824,0.8811,137561.mp3,joy-hester_sin-titulo-1943.jpg
825,0.8810,000718.mp3,theophile-steinlen_la-chanson-de-nature.jpg
826,0.8807,000715.mp3,adalbert-erdeli_autumn.jpg
827,0.8804,000997.mp3,eastman-johnson_the-earnest-pupil-1881.jpg
828,0.8783,000010.mp3,janos-mattis-teutsch_man-and-woman-1926.jpg
829,0.8780,143057.mp3,stanley-spencer_plumbers-centre-1945.jpg
830,0.8768,144592.mp3,john-ruskin_acanthus-1.jpg
831,0.8766,136709.mp3,vera-nedkova_a-walk-in-euxinograd-1938.jpg
832,0.8766,138211.mp3,abraham-van-strij_boy-and-girl-looking-at-drawings.jpg
833,0.8746,137605.mp3,mary-cassatt_peasant-mother-and-child-1894.jpg
834,0.8739,149185.mp3,adalbert-erdeli_river.jpg
835,0.8736,141168.mp3,rembrandt_the-artist-s-son-titus-1656.jpg
836,0.8734,135375.mp3,abraham-storck_havnescene-med-antikke-ruiner-1666.jpg
837,0.8725,143303.mp3,pablo-picasso_flowers-in-a-grey-jar-1908.jpg
838,0.8704,143216.mp3,vincent-van-gogh_tree-trunks-in-the-grass-1890.jpg
839,0.8695,005381.mp3,francois-boucher_portrait-of-a-lady-with-muff.jpg
840,0.8692,141310.mp3,charles-turner_anthony-champion-1807.jpg
841,0.8688,153383.mp3,emile-claus_the-cock-fight-1882.jpg
842,0.8676,138019.mp3,claude-monet_breakup-of-ice.jpg
843,0.8669,136320.mp3,abraham-storck_boats-at-a-mooring-place-1683.jpg
844,0.8663,144172.mp3,abraham-manievich_country-landscape.jpg
845,0.8656,149416.mp3,dante-gabriel-rossetti_the-virgin-mary-being-comforted-1852.jpg
846,0.8650,135368.mp3,raoul-dufy_the-yellow-console-with-a-violin-1949.jpg
847,0.8649,141877.mp3,ferdinand-bol_dead-game-1646.jpg
848,0.8648,141139.mp3,adalbert-erdeli_portrait-of-the-famous-ukrainian-artist-tatiana-yablonska.jpg
849,0.8643,146018.mp3,camille-pissarro_the-effect-of-snow-at-hermitage-1874.jpg
850,0.8635,148246.mp3,diego-rivera_motherhood-angelina-and-the-child-diego-1916.jpg
851,0.8628,000714.mp3,jean-baptiste-greuze_portrait-of-madame-courcelles-1750.jpg
852,0.8606,137425.mp3,frida-kahlo_self-portrait-1930.jpg
853,0.8606,144939.mp3,panos-terlemezian_gurgen-mahari-s-portrait-1932.jpg
854,0.8603,143214.mp3,edouard-riou_story-le-rubis-du-grand-lama-4.jpg
855,0.8594,143217.mp3,john-frederick-lewis_a-lady-gazing-over-the-bay-of-naples.jpg
856,0.8587,145752.mp3,george-morland_donkey-and-pigs-1789.jpg
857,0.8583,143099.mp3,camille-pissarro_eragny-landscape-1890.jpg
858,0.8576,000459.mp3,mary-cassatt_jules-standing-by-his-mother.jpg
859,0.8567,145005.mp3,nicholas-roerich_chapel-of-st-sergius-at-the-crossroads-1931.jpg
860,0.8563,000995.mp3,adalbert-schaffer_untitled.jpg
861,0.8555,137630.mp3,alexandre-jacovleff_banda-woman-with-a-child-1926.jpg
862,0.8549,000540.mp3,nicholas-roerich_study-of-mountains-1931-1.jpg
863,0.8525,000822.mp3,fujishima-takeji_female-nude.jpg
864,0.8522,142362.mp3,mikhail-vrubel_portrait-of-a-young-man.jpg
865,0.8461,135340.mp3,charles-turner_william-wallis-1810-1.jpg
866,0.8449,138578.mp3,albrecht-durer_st-anthony-at-the-city-1513.jpg
867,0.8448,145757.mp3,david-allan_the-uncultivated-genius-1775.jpg
868,0.8437,149690.mp3,fra-bartolomeo_christ-with-the-four-evangelists.jpg
869,0.8423,148130.mp3,abraham-van-strij_interior-of-wool-and-sheetshop.jpg
870,0.8418,146689.mp3,cornelis-de-vos_portrait-of-the-artist-s-daughter.jpg
871,0.8408,144180.mp3,emil-carlsen_peonies.jpg
872,0.8407,000255.mp3,nicholas-roerich_fog-in-the-mountains-1945.jpg
873,0.8390,148082.mp3,abidin-dino_hands-1989.jpg
874,0.8370,142082.mp3,antoine-pesne_luise-ulrike-of-prussia-queen-of-sweden.jpg
875,0.8369,145462.mp3,jean-auguste-dominique-ingres_mrs-charles-thomas-thruston-born-frances-edwards.jpg
876,0.8361,137740.mp3,felix-vallotton_moroccan-jug-and-pears-1924.jpg
877,0.8344,001661.mp3,william-henry-huddle_davy-crockett-1889.jpg
878,0.8337,001891.mp3,henry-herbert-la-thangue_the-young-farmhand-1885.jpg
879,0.8335,149103.mp3,paul-revere_john-gardiner-bookplate.jpg
880,0.8329,149523.mp3,ivan-kramskoy_peasant-with-a-bridle-1883.jpg
881,0.8318,136054.mp3,salvador-dali_portrait-of-lady-louis-mountbatten-1940.jpg
882,0.8300,144466.mp3,george-washington-lambert_ayunkara-1918.jpg
883,0.8300,142132.mp3,rudolf-de-crignis_painting-99-35-1999.jpg
884,0.8277,025063.mp3,adalbert-erdeli_portrait-of-an-uknown-woman-in-black.jpg
885,0.8264,142402.mp3,george-hemming-mason_roman-ox-standing.jpg
886,0.8231,135054.mp3,diego-velazquez_portrait-of-mariana-of-austria-queen-of-spain-1657.jpg
887,0.8228,143097.mp3,george-lambert_the-ruins-of-rievaulx-abbey-yorkshire-1753.jpg
888,0.8227,144424.mp3,paula-modersohn-becker_breast-feeding-mother.jpg
889,0.8225,147261.mp3,laslett-john-pott_the-pathway-of-life-to-which-is-added-a-biography-of-dr-talmage-1888.jpg
890,0.8216,149750.mp3,thomas-sully_the-gypsy-girl-1838.jpg
891,0.8211,143295.mp3,hiroshige_18-the-oji-inari-shrine-1857.jpg
892,0.8200,145729.mp3,omer-mujadzic_omer-mujadzic.jpg
893,0.8198,000204.mp3,dobri-dobrev_in-prague-1924.jpg
894,0.8193,146343.mp3,abraham-storck_schepen-op-kalme-zee.jpg
895,0.8192,142670.mp3,ha-chong-hyun_conjunction-04-13-2004.jpg
896,0.8188,142087.mp3,varlin_liebespaar-auf-der-hohen-promenade-1937.jpg
897,0.8162,148609.mp3,giovanni-battista-salvi-da-sassoferrato_madonna-orante-2.jpg
898,0.8156,139043.mp3,fra-bartolomeo_virgin-and-child-with-saints-1512.jpg
899,0.8142,149626.mp3,telemaco-signorini_bath-berkeley-place.jpg
900,0.8134,141617.mp3,sebastiano-conca_basilica-dei-santi-apostoli-rome.jpg
901,0.8106,141592.mp3,albert-julius-olsson_moonlit-shore-1911.jpg
902,0.8103,146458.mp3,nikolai-dmitriyevich-kuznetsov_portrait-of-konstantin-andreevich-pyatnitsky-director-of-rishelievskaya-and-ii-mens-gymnasium-1895.jpg
903,0.8077,135989.mp3,mark-rothko_no-3-1953.jpg
904,0.8074,000998.mp3,ivan-shishkin_fir.jpg
905,0.8072,145068.mp3,ivan-shishkin_sorrel.jpg
906,0.8066,001701.mp3,henri-fantin-latour_venus-and-cupid-1902.jpg
907,0.8064,001642.mp3,john-frederick-lewis_interior-of-a-posada-with-men-smoking-and-playing-cards.jpg
908,0.8060,001270.mp3,vilhelms-purvitis_spring-waters-1910.jpg
909,0.8045,145183.mp3,pierre-jacques-pelletier_neige-a-montmartre.jpg
910,0.8022,000676.mp3,alexander-pope_just-from-town-1889.jpg
911,0.8000,148613.mp3,marc-chagall_illustration-for-louis-aragon-s-work-one-who-says-things-without-saying-anything-1976-5.jpg
912,0.7999,135374.mp3,hans-gude_in-the-archipelago-1860.jpg
913,0.7988,135369.mp3,abraham-van-strij_two-goats-in-a-yard.jpg
914,0.7986,148586.mp3,pierre-emmanuel-damoye_prairies-inondees-pas-de-calais-1880.jpg
915,0.7983,145711.mp3,abraham-van-strij_portrait-of-jacob-s-son.jpg
916,0.7977,001102.mp3,juan-van-der-hamen_stillleben-mit-fruchten-und-glasware.jpg
917,0.7973,137484.mp3,abraham-van-strij_sitting-man-with-basket.jpg
918,0.7953,138062.mp3,theophile-steinlen_little-girl-with-cat-1889.jpg
919,0.7908,142511.mp3,henri-fantin-latour_nasturtiums-1880.jpg
920,0.7903,001039.mp3,paul-cezanne_woman-with-a-coffee-pot.jpg
921,0.7903,137593.mp3,paul-peel_robert-andre-peel-1892.jpg
922,0.7890,001649.mp3,joan-ponc_suite-er-tica-1982.jpg
923,0.7881,137632.mp3,tom-roberts_twenty-minutes-past-three-1886.jpg
924,0.7868,137721.mp3,raphael_cupid-and-the-three-graces-1517.jpg
925,0.7805,000197.mp3,adalbert-erdeli_female-figure-in-the-interior.jpg
926,0.7802,141287.mp3,edward-robert-hughes_all-that-i-saw-at-the-wedding.jpg
927,0.7795,136331.mp3,constantin-piliuta_winter-in-the-village-1.jpg
928,0.7792,145606.mp3,nicholas-roerich_vignette-for-book-n-k-roerich-1918.jpg
929,0.7791,147126.mp3,salomon-van-ruysdael_riviergezicht-bij-deventer.jpg
930,0.7787,146017.mp3,hiroshige_benzaiten-shrine-at-inokashira-in-snow.jpg
931,0.7763,143106.mp3,ilya-repin_portrait-of-actress-lyubov-sazonova-shuvalova-1899.jpg
932,0.7725,141303.mp3,theodoros-stamos_infinity-field-lefkada-series-1980.jpg
933,0.7706,145554.mp3,martin-rico_vista-panoramica-de-el-escorial-con-la-iglesia-de-san-bernabe-1858.jpg
934,0.7706,145041.mp3,orest-kiprensky_ekaterina-bakunina-1813.jpg
935,0.7705,150080.mp3,salvator-rosa_philosophy-1645.jpg
936,0.7690,000716.mp3,hendrick-avercamp_a-family-group-in-a-garden-1634.jpg
937,0.7684,136275.mp3,paul-albert-besnard_going-to-bed-1913.jpg
938,0.7679,137725.mp3,kuzma-petrov-vodkin_sitter-1913.jpg
939,0.7677,001087.mp3,rene-magritte_the-big-family-1963.jpg
940,0.7677,141283.mp3,theodor-severin-kittelsen_jordkloden.jpg
941,0.7625,139993.mp3,abidin-dino_portrait-1970.jpg
942,0.7608,141878.mp3,edelfelt-albert_nainen-savuke-kadessa.jpg
943,0.7541,145608.mp3,sebastiano-del-piombo_triplo-ritratto.jpg
944,0.7525,137356.mp3,abraham-van-strij_reading-old-woman-at-window.jpg
945,0.7525,137907.mp3,abraham-van-strij_merchant-at-a-table-near-window.jpg
946,0.7515,149417.mp3,lin-fengmian_reeds.jpg
947,0.7501,137500.mp3,fyodor-rokotov_portrait-of-a-m-rimskiy-korsakov.jpg
948,0.7501,141593.mp3,abraham-van-strij_sleeping-woman-teased-by-two-boys.jpg
949,0.7489,135372.mp3,mykola-pymonenko_becoming-the-evening.jpg
950,0.7439,139774.mp3,artus-scheiner_illustration-for-fairy-tales-for-adults-5.jpg
951,0.7432,143059.mp3,adalbert-erdeli_roses.jpg
952,0.7426,142948.mp3,jean-etienne-liotard_madame-jean-tronchin-1758.jpg
953,0.7416,143319.mp3,hans-memling_st-john-the-baptist-and-st-mary-magdalen-wings-of-a-triptych.jpg
954,0.7371,000690.mp3,juriaen-pool_portrait-of-a-gentleman-three-quarter-length-leaning-on-a-ledge.jpg
955,0.7332,138355.mp3,abraham-van-strij_an-extensive-river-landscape.jpg
956,0.7329,001083.mp3,currier-and-ives_beautiful-dreamer-1907.jpg
957,0.7325,001249.mp3,nicholas-roerich_lonely-stranger-1931.jpg
958,0.7320,138210.mp3,john-ruskin_trees-study-1847.jpg
959,0.7292,148444.mp3,ivan-aivazovsky_view-of-the-sea-from-the-mountains-at-sunset-crimea-1864.jpg
960,0.7259,145743.mp3,gustave-courbet_bather-sleeping-by-a-brook.jpg
961,0.7240,139937.mp3,rubens-santoro_a-venetian-backwater.jpg
962,0.7223,134094.mp3,william-orpen_sir-thomas-jaffrey-bt-lld-chairman-of-aberdeen-art-gallery-committee-1926.jpg
963,0.7192,001929.mp3,marcus-stone_honeymoon.jpg
964,0.7182,145918.mp3,john-cage_strings.jpg
965,0.7102,025324.mp3,stefan-luchian_peasant-woman-1896.jpg
966,0.7101,134446.mp3,abraham-van-strij_sitting-boy.jpg
967,0.7094,146483.mp3,rembrandt-peale_duke-of-wellington-copy-after-sir-thomas-lawrence-1818.jpg
968,0.7093,149488.mp3,giovanni-battista-torriglia_admiring-the-baby.jpg
969,0.7083,142418.mp3,amedeo-modigliani_head-of-a-woman.jpg
970,0.7077,135365.mp3,fedir-krychevsky_portrait-of-an-art-historian-g-pavlutsky.jpg
971,0.7071,139936.mp3,eug-ne-grasset_m-ditation-1897.jpg
972,0.7027,025055.mp3,eric-ravilious_sussex-landscape-eric-ravilious-19x13-poster.jpg
973,0.7012,005006.mp3,ilya-repin_portrait-of-count-d-m-solsky-1903.jpg
974,0.7012,137624.mp3,jose-maria-velasco_paisaje-con-monta-as.jpg
975,0.6988,145059.mp3,louis-wain_he-i-went-to-the-zoo-yesterday-she-my-word-i-went-there-too-looking-for-you-which-cage-were-you.jpg
976,0.6896,143941.mp3,karl-lessing_sonntaglicher-kirchgang.jpg
977,0.6881,146070.mp3,thomas-eakins_young-girl-meditating-1877.jpg
978,0.6799,142079.mp3,moise-kisling_not-identified-9.jpg
979,0.6786,000667.mp3,pino-daeni_a-tale-to-tell.jpg
980,0.6786,141894.mp3,raja-ravi-varma_simhika-and-sairandri.jpg
981,0.6786,145609.mp3,titian_gian-giacomo-bartolotti-da-parma-1518.jpg
982,0.6786,149452.mp3,vincent-van-gogh_peasant-woman-planting-beets-2-1885.jpg
983,0.6662,000148.mp3,piero-della-francesca_recognition-of-the-true-cross-detail.jpg
984,0.6573,139638.mp3,william-collins_three-children-under-a-tree.jpg
985,0.6512,145043.mp3,gustave-boulanger_phryne-1850.jpg
986,0.6290,144809.mp3,giovanni-battista-salvi-da-sassoferrato_saint-cecilia-1650.jpg
987,0.6249,149778.mp3,pieter-claesz_still-life-with-ham.jpg
988,0.6122,000256.mp3,vincent-van-gogh_torso-of-venus-1887.jpg
989,0.6028,143056.mp3,abraham-van-strij_landscape-with-horsemen.jpg
990,0.5885,139770.mp3,elisabeth-sonrel_shgtelaine-et-ses-dames.jpg
991,0.5858,141264.mp3,charles-conder_swanage-1901.jpg
992,0.5719,145607.mp3,anthony-van-dyck_portrait-of-henry-danvers-earl-of-danby-as-a-knight-of-the-order-of-the-garter.jpg
993,0.5719,148536.mp3,bartolome-esteban-murillo_virgin-and-child.jpg
994,0.5620,135371.mp3,adalbert-schaffer_still-life-with-lobster-1853.jpg
995,0.5346,139777.mp3,jose-maria-velasco_macet-n-del-ba-o-de-los-pescaditos-1889.jpg
996,0.5272,000897.mp3,paul-cezanne_still-life-with-curtain-and-flowered-pitcher-1895.jpg
997,0.5143,005376.mp3,john-austen_hamlet-26.jpg
998,0.5112,138020.mp3,zinaida-serebriakova_madonna-and-child-1934.jpg
999,0.5043,143218.mp3,owen-jones_leaves-and-flowers-from-nature-ornament-no-2-vine-leaves-full-size.jpg
1000,0.4979,141903.mp3,orest-kiprensky_portrait-of-young-man.jpg
