Image Filename,Audio Filename,ImageBind Score
christian-august-lorentzen_portrait-of-frederik-carl-trant-and-his-wife-cornelia-nee-schumacher-1770.jpg,141299.mp3,-0.034425199031829834
adalbert-erdeli_castle-slovakia-red-hill-1930.jpg,148429.mp3,-0.03382491320371628
allan-ramsay_queen-charlotte-with-her-two-children.jpg,005171.mp3,-0.06277546286582947
abraham-manievich_landscape-with-animals.jpg,145058.mp3,0.0183243490755558
camille-pissarro_street-winter-sunlight-and-snow.jpg,145646.mp3,0.008591797202825546
abraham-van-strij_the-foreign-trade.jpg,148076.mp3,0.02260264754295349
ilka-gedo_table-1-1949.jpg,137723.mp3,-0.025981638580560684
kuzma-petrov-vodkin_portrait-of-the-poet-1913.jpg,001195.mp3,0.13650403916835785
adalbert-schaffer_still-life-with-fruits-1870.jpg,134052.mp3,0.14529848098754883
abraham-manievich_winter-landscape-outskirts-of-kyiv-1908.jpg,145002.mp3,-0.023597460240125656
hans-memling_head-of-christ.jpg,142519.mp3,0.09054296463727951
james-ward_jerry-hudson-a-farm-labourer-with-a-longhorn-cow.jpg,142551.mp3,0.05515509471297264
roy-lichtenstein_as-i-opened-fire-1964.jpg,001883.mp3,0.14973169565200806
tsuguharu-foujita_deux-femmes-au-torse-nu.jpg,144214.mp3,0.040074583142995834
hans-hoffmann_lievre-entoure-de-plantes.jpg,137175.mp3,0.058093614876270294
abidin-dino_flower-2.jpg,145431.mp3,0.04528256133198738
boris-kustodiev_bather-1921.jpg,148213.mp3,0.07907186448574066
thomas-lawrence_lieutenant-general-sir-william-carr-beresford-1818.jpg,145887.mp3,-0.04065149277448654
bartolomeo-veneto_salome-con-la-tesa-del-battista.jpg,001925.mp3,0.05104009062051773
rupert-bunny_untitled-possibly-harvest-1898.jpg,149118.mp3,0.05062585696578026
tom-roberts_putney-bridge-london-1908.jpg,142097.mp3,0.04034608229994774
m-c-escher_not_detected_204685.jpg,143290.mp3,0.014857208356261253
william-scott_berlin-blues-4-1965.jpg,025066.mp3,0.22391344606876373
abraham-van-strij_man-with-fur-hat.jpg,142129.mp3,0.01415941957384348
arthur-hughes_april-love-1856.jpg,005157.mp3,0.07549424469470978
adalbert-schaffer_fruchtestilleben.jpg,137152.mp3,0.04397103562951088
adalbert-schaffer_stillleben-mit-nautiluspokal-und-weintrauben.jpg,149953.mp3,-0.0010129986330866814
giorgione_portrait-of-a-man-terris-1510.jpg,137169.mp3,0.05891556292772293
nicholas-roerich_vignette-for-book-n-k-roerich-1918-19.jpg,001930.mp3,-0.0632622241973877
camille-corot_mur-cotes-du-nord-1855.jpg,138018.mp3,0.008354153484106064
pierre-auguste-renoir_victor-chocquet-1876.jpg,141590.mp3,0.07161280512809753
stanley-spencer_resurrection-port-glasgow-1950.jpg,142567.mp3,0.08411337435245514
carolus-duran_portrait-of-emile-de-girardin-1875.jpg,148233.mp3,0.0735115334391594
edvard-munch_girl-yawning-1913.jpg,005191.mp3,0.12173686176538467
adalbert-erdeli_artists-father-1926.jpg,147021.mp3,0.023117568343877792
abidin-dino_saman-sar-s-illustration.jpg,139935.mp3,0.061614833772182465
theodore-rousseau_gateway-1855.jpg,137551.mp3,0.121505007147789
gunter-umberg_untitled-1998.jpg,148305.mp3,0.05421972647309303
abidin-dino_partisans-1944.jpg,137212.mp3,-0.010742795653641224
salvador-dali_untitled-first-study-for-the-three-glorious-enigmas-of-gala.jpg,138216.mp3,0.06618946045637131
abraham-storck_walfanger-im-eismeer.jpg,136469.mp3,0.07958753407001495
abraham-van-strij_the-artist-s-son.jpg,138579.mp3,0.023665480315685272
vasily-perov_christ-in-gethsemane.jpg,149082.mp3,0.0028138821944594383
jacopo-bellini_view-of-a-fortification-of-jerusalem.jpg,144544.mp3,0.05485999584197998
luis-dourdil_landscape-1959.jpg,142576.mp3,0.07934252917766571
albin-egger-lienz_pieta-1926.jpg,144938.mp3,0.18760786950588226
achille-zo_louis-charles-de-saulces-de-freycinet-1880.jpg,148077.mp3,0.0358959324657917
claude-monet_the-grand-canal-venice.jpg,134444.mp3,0.10842853784561157
ludovic-alleaume_in-the-countryside.jpg,136324.mp3,0.006165788508951664
camille-corot_circle-of-nymphs-morning.jpg,144471.mp3,-0.014664610847830772
fernand-leger_reading-1948.jpg,138414.mp3,0.0914437472820282
john-riley_william-chiffinch.jpg,141566.mp3,0.009574100375175476
lesser-ury_lady-in-black-evening-dress-with-green-scarf-1908.jpg,146639.mp3,0.04560814052820206
amedeo-modigliani_reclining-nude-with-folded-arms-behind-her-head-1917.jpg,139521.mp3,0.19137375056743622
fujishima-takeji_distant-view-of-awajishima.jpg,142571.mp3,0.03376168757677078
claude-monet_waterloo-bridge-1901-1.jpg,152545.mp3,0.10367078334093094
yov-kondzelevych_icon-of-st-john-chrysostom-and-st-basil-the-great-from-the-village-of-horodyshche-in-volhynia.jpg,145458.mp3,-0.00818036962300539
ivan-aivazovsky_moonlit-view-of-the-bosphorus-1884.jpg,150015.mp3,0.147419735789299
john-flaxman_william-pitt-earl-of-chatham.jpg,005170.mp3,-0.02859434112906456
charles-turner_sir-thomas-charles-bunbury-6th-bt-1819.jpg,148066.mp3,0.0011346656829118729
winslow-homer_basket-of-clams.jpg,141288.mp3,-0.018519598990678787
claude-monet_the-road-in-front-of-saint-simeon-farm-in-winter.jpg,005159.mp3,0.004474809393286705
abidin-dino_flower.jpg,144216.mp3,0.09442457556724548
jean-auguste-dominique-ingres_madame-felix-gallois-born-nathalie-rose-joachime-bochet.jpg,148535.mp3,0.09479565173387527
francois-gerard_moritz-christian-reichsgraf-von-fries-mit-seiner-frau-maria-theresia-josepha-1805.jpg,134077.mp3,0.05682537332177162
eric-ravilious_submarines-in-dry-dock-1940.jpg,149143.mp3,0.06837598979473114
sergio-illuminato_optical-perceptions-percezioni-ottiche-perceptions-optiques-2020.jpg,141902.mp3,0.006591191049665213
nathan-oliveira_untitled-standing-figure-1990.jpg,138038.mp3,0.15293839573860168
cristovao-de-figueiredo_b-n-o-de-santa-auta-em-lisboa-1520.jpg,000210.mp3,0.0057450998574495316
thomas-lawrence_portrait-of-a-bishop.jpg,142081.mp3,0.025719795376062393
hans-andersen-brendekilde_a-village-road-with-a-woman-and-child-walking-hand-in-hand.jpg,148079.mp3,-0.014117017388343811
owen-jones_cover.jpg,136138.mp3,0.0691734254360199
paul-albert-besnard_madame-besnard-1884.jpg,138413.mp3,0.0379447340965271
mary-beale_frances-pierrepont-duchess-of-newcastle-1630-1695.jpg,138026.mp3,0.12529465556144714
john-frederick-lewis_the-head-of-a-tigress-felis-tigris-etching-with-engraving-1825.jpg,141568.mp3,0.001940552145242691
sam-francis_untitled-1987-1.jpg,145744.mp3,0.022107237949967384
zinaida-serebriakova_nymph-flora-1935.jpg,005169.mp3,0.05927017331123352
roger-weik_number-120-2004.jpg,142574.mp3,-0.014277175068855286
rembrandt_jesus-disputing-with-the-doctors-the-smaller-print-1654.jpg,139995.mp3,0.028286166489124298
nina-tokhtaman-valetova_constraint-2005.jpg,143186.mp3,0.07185788452625275
edgar-degas_study-of-horses.jpg,152568.mp3,0.04592955857515335
nicholas-roerich_springs-in-izvara-1893.jpg,148216.mp3,0.11954386532306671
abidin-dino_unknown-title-9.jpg,025104.mp3,0.050794731825590134
graham-sutherland_form-over-river-1972.jpg,141297.mp3,0.04749365895986557
abidin-dino_hand-and-the-eye-of-needle-1980.jpg,146681.mp3,0.10366427153348923
burhan-dogancay_honfleur-1950.jpg,149140.mp3,0.04640135169029236
plautilla-nelli_pained-madonna.jpg,136137.mp3,-0.013993271626532078
efim-volkov_noon-in-the-woods.jpg,147059.mp3,0.053709208965301514
abidin-dino_yelkenli.jpg,000707.mp3,0.20186541974544525
georges-seurat_trees-winter-1883.jpg,137173.mp3,0.11239396035671234
fra-bartolomeo_the-holy-family-with-john-the-baptist-1515.jpg,142552.mp3,-0.0019510677084326744
pierre-auguste-renoir_the-reader-1877.jpg,154414.mp3,0.02317223511636257
mary-cassatt_simone-in-a-large-plumed-hat-seated-holding-a-griffon-dog.jpg,135990.mp3,-0.06009593978524208
achille-zo_la-cour-des-lions-a-lalhambra-de-grenade.jpg,148075.mp3,0.07210133969783783
abidin-dino_bloom-1990.jpg,142517.mp3,0.07471724599599838
charles-andre-van-loo-carle-van-loo_venus-and-cupid.jpg,135043.mp3,0.0655384361743927
abraham-storck_de-haringpakkerstoren-met-de-stadsherberg-op-de-achtergrond-de-haringpakkerstoren-met-op-de-1687.jpg,150062.mp3,0.04942650347948074
hiroshige_the-station-ejiri.jpg,144542.mp3,0.17354100942611694
thomas-hill_piute-indians-yosemite.jpg,148002.mp3,0.04524143040180206
nicholas-roerich_mongolian-horseman.jpg,001193.mp3,0.32833439111709595
bernardo-strozzi_gamba-player.jpg,000814.mp3,0.06852909922599792
adalbert-erdeli_still-life-with-a-figurine-1950.jpg,148602.mp3,0.10241517424583435
camille-pissarro_landscape-fields-eragny-1885.jpg,000602.mp3,0.09187081456184387
howard-pyle_otto-of-the-silver-hand-10.jpg,148168.mp3,-0.06019643694162369
alex-colville_dog-and-groom-1991.jpg,145762.mp3,0.0052670203149318695
gerard-sekoto_the-jazz-band-1965.jpg,136322.mp3,-0.06394591182470322
abraham-storck_boats-at-a-mooring-place.jpg,141594.mp3,-0.008797436021268368
pierre-auguste-renoir_flowers-in-a-vase-1878-1.jpg,142553.mp3,0.06983347237110138
achille-zo_patio-a-lalhambra-1860.jpg,142080.mp3,0.041906602680683136
abraham-van-strij_hendrik-weymans-and-his-family.jpg,145003.mp3,-0.116472989320755
marcello-bacciarelli_blue-marquise-1770.jpg,141296.mp3,-0.005961703136563301
adalbert-erdeli_female-portrait.jpg,001482.mp3,-0.06786380708217621
camille-corot_fontainebleau.jpg,141143.mp3,0.013128533028066158
abraham-van-strij_unloading-wood-at-builenwalenvest.jpg,142550.mp3,0.10779092460870743
abraham-van-strij_stop-for-an-inn.jpg,144472.mp3,-0.054798588156700134
sabin-balasa_fascination.jpg,134084.mp3,0.03082706779241562
john-pettie_ames-guthrie-orchar-provost-of-broughty-ferry-1886.jpg,141181.mp3,0.003120734356343746
george-henry_sir-hector-clare-cameron-president-of-the-faculty-of-physicians-and-surgeons-of-glasgow-1925.jpg,134053.mp3,0.01683242805302143
jean-auguste-dominique-ingres_jean-fran%C3%A7ois-julien-menager.jpg,142098.mp3,0.02838321030139923
julian-ashton_old-houses-cumberland-street-1901.jpg,138061.mp3,0.0604356974363327
albin-egger-lienz_savoyardenknabe.jpg,148212.mp3,0.17994478344917297
abraham-van-strij_the-drawing-lesson.jpg,025601.mp3,-0.008589405566453934
serge-charchoune_untitled.jpg,001680.mp3,0.043769389390945435
adalbert-schaffer_stilleben-mit-melone-munzbecher-und-deckelkrug.jpg,000546.mp3,0.12362901866436005
abidin-dino_flower-1.jpg,000706.mp3,-0.006902698427438736
gustave-dore_don-quixote-111.jpg,000825.mp3,0.3261849880218506
alaa-awad_untitled.jpg,146713.mp3,-0.04533736780285835
olivier-debre_printemps-de-tilleuls-rose-et-bleu.jpg,149714.mp3,0.008894138038158417
abidin-dino_unknown-title-8.jpg,145553.mp3,0.01398758590221405
pieter-de-hooch_paying-the-hostess-1658.jpg,142539.mp3,0.08024735748767853
abidin-dino_villejuif-1993.jpg,000666.mp3,0.02106335386633873
isaac-levitan_evening-shadows.jpg,135337.mp3,0.0032217418774962425
frederic-edwin-church_autumn-shower-1859.jpg,005156.mp3,0.009006887674331665
wilhelm-sasnal_anka-2001.jpg,148070.mp3,0.05842125788331032
vasiliy-ryabchenko_na-lanzherone-1984.jpg,138319.mp3,0.007755065802484751
gustave-courbet_the-angry-sea.jpg,000002.mp3,-0.020064089447259903
ivan-vladimirov_at-the-well-1905.jpg,000141.mp3,0.11063840240240097
charles-m-russell_wolf-and-beaver-1921.jpg,136321.mp3,-0.004824931733310223
rudolf-lang_summer-afternoon-1957.jpg,150268.mp3,0.09694788604974747
abraham-storck_het-fregat-pieter-en-paul-op-het-ij-het-met-medewerking-van-czaar-peter-de-grote-in-januari-1698-1700.jpg,144937.mp3,0.04250548034906387
abraham-manievich_moscow-iii.jpg,137563.mp3,-0.03497695177793503
fra-angelico_noli-me-tangere-1442.jpg,143239.mp3,0.1386267989873886
abraham-van-strij_sailing-of-the-dordrecht.jpg,139003.mp3,0.1091318279504776
david-bates_stepping-stones-on-the-llugwy.jpg,137462.mp3,-0.01361837424337864
luis-feito_untitled.jpg,148210.mp3,0.16725881397724152
claude-monet_grainstack-in-the-sunlight-snow-effect-1891.jpg,137171.mp3,0.09838602691888809
nasreen-mohamedi_untitled-3.jpg,142577.mp3,0.038522642105817795
tahir-salahov_portrait-of-aydan-salahova.jpg,148290.mp3,0.05109383910894394
adalbert-erdeli_seating-model-1913.jpg,144470.mp3,-0.05980556458234787
pierre-auguste-renoir_the-banks-of-the-seine-at-argenteuil-1880.jpg,001686.mp3,0.04927622526884079
alexandre-benois_truffaldino-costume-design-for-goldoni-s-comedy-servant-of-two-masters.jpg,148074.mp3,0.07638787478208542
ludwig-knaus_portrait-of-jacob-stern-1877.jpg,152570.mp3,0.1048518568277359
albrecht-durer_the-mantle-of-the-pope.jpg,139524.mp3,0.14549005031585693
abraham-storck_hollandse-straatvaarders-bij-een-haven-aan-de-middellandse-zee-hollandse-straatvaarders-bij-een-0.jpg,148078.mp3,0.07356062531471252
fujishima-takeji_portrait-of-an-italian-lady-1908.jpg,146970.mp3,0.07349096983671188
claude-monet_in-the-woods-at-giverny-blanche-hoschede.jpg,147309.mp3,0.04898704215884209
vincent-van-gogh_trunk-of-an-old-yew-tree-1888.jpg,139536.mp3,-0.07729659229516983
vasily-perov_regular-pool-1865.jpg,136468.mp3,0.006140090990811586
john-hoyland_2005-the-gnome-silkscreen.jpg,146482.mp3,0.16892056167125702
zhan-benner_ekstaz-1896.jpg,150078.mp3,-0.011945719830691814
james-webb_mont-st-michel-normandy-1866.jpg,001736.mp3,0.03263312205672264
fernand-leger_three-characters-1920.jpg,139534.mp3,0.07709988206624985
rembrandt_holy-family-with-a-curtain-1646.jpg,150266.mp3,0.03981208801269531
m-c-escher_fiumara-calabria.jpg,139520.mp3,0.15216192603111267
albrecht-durer_st-thomas-1514.jpg,137463.mp3,-0.08987142145633698
abraham-manievich_untitled-1925-1.jpg,149687.mp3,0.08242948353290558
luca-signorelli_moses-s-testament-and-death-detail-1482-2.jpg,141876.mp3,-0.061709098517894745
paul-jacoulet_le-sculpteur-de-tokobuei-mers-du-sud-1954.jpg,135342.mp3,0.05168384686112404
adalbert-erdeli_over-the-water.jpg,141282.mp3,0.026392705738544464
simon-de-vlieger_stormy-sea-1650.jpg,142128.mp3,-0.07514022290706635
isaac-levitan_portrait-of-sofia-petrovna-kuvshinnikov-1894.jpg,005879.mp3,0.08150201290845871
frank-stella_union-i-1966.jpg,141166.mp3,0.11984582990407944
georges-papazoff_composition-blue-background.jpg,137898.mp3,0.06106693297624588
evelyn-de-morgan_mercury-1873.jpg,135219.mp3,0.1708328127861023
sam-francis_indigo-wood-1982.jpg,134389.mp3,-0.023479068651795387
franz-kline_hot-jazz-1940.jpg,143219.mp3,0.08698619902133942
brice-marden_third-letter-2009.jpg,142096.mp3,0.0909399762749672
abidin-dino_untitled.jpg,134388.mp3,0.061086270958185196
martin-rico_vista-del-monasterio-de-el-escorial-1858-0.jpg,138016.mp3,0.1661422848701477
edward-burne-jones_the-dream-of-lancelot-study.jpg,142084.mp3,-0.005398252513259649
lucas-van-leyden_triptych-with-the-adoration-of-the-golden-calf-detail-1530.jpg,136323.mp3,-0.07401122897863388
fons-heijnsbroek_open-head-2007.jpg,146149.mp3,0.11277960240840912
camille-corot_near-rotterdam-small-houses-on-the-banks-of-a-canal-1854.jpg,149138.mp3,0.020090006291866302
vincent-van-gogh_four-sketches-of-a-foot-1886.jpg,001683.mp3,0.0017978367395699024
abdul-mati-klarwein_outline-1984.jpg,141144.mp3,-0.03185334801673889
c-r-w-nevinson_a-river-in-england-1944.jpg,144476.mp3,0.06438113003969193
abraham-storck_czar-peter-the-great-on-board-of-his-yacht-en-route-to-the-pieter-en-paul.jpg,144942.mp3,-0.0018189996480941772
abraham-storck_peter-der-grosse-inspiziert-ein-schiff-bei-amsterdam-1700.jpg,135039.mp3,0.002083810279145837
julian-ashton_reflections-1892.jpg,137567.mp3,-0.03245900943875313
abidin-dino_unknown-title-3.jpg,147023.mp3,0.10168775171041489
abraham-manievich_a-street-in-the-bronx.jpg,138218.mp3,0.05157044902443886
louis-comfort-tiffany_reading-lamp-scarab-design-1898.jpg,001702.mp3,0.06420189887285233
abraham-van-strij_view-on-mediterrian-port.jpg,138415.mp3,-0.01584390550851822
abraham-storck_practice-fight-of-the-dutch-fleet-in-the-honour-of-tzar-peter-the-great-1-sept-1697-fragment.jpg,137717.mp3,0.02467750571668148
abraham-van-strij_merriment-on-frozen-river.jpg,142531.mp3,0.11140690743923187
achille-zo_halte-du-soir-autour-du-feu-1860.jpg,145551.mp3,0.09366807341575623
norval-morrisseau_bear-and-fish-in-cycle.jpg,139934.mp3,0.13516810536384583
adalbert-erdeli_still-life-with-a-guitar.jpg,143215.mp3,0.08414268493652344
abdul-mati-klarwein_youre-next-1979.jpg,142549.mp3,0.16731376945972443
abidin-dino_unknown-title-1.jpg,136404.mp3,0.010946293361485004
peder-severin-kroyer_luncheon-at-antino.jpg,149142.mp3,0.007607537321746349
francisco-goya_saint-gregory-1799.jpg,139330.mp3,-0.031629472970962524
tamas-ervin_disaster-1970.jpg,142536.mp3,-0.010287437587976456
john-singleton-copley_lemuel-cox-1770.jpg,135028.mp3,-0.001353362575173378
carmen-oses-hidalgo_retrato-femenino-1936.jpg,144469.mp3,-0.004158939700573683
jules-breton_the-shepherdess.jpg,148606.mp3,0.05279873311519623
virginia-frances-sterrett_old-french-fairy-tales-1920-14.jpg,135341.mp3,0.038181938230991364
abidin-dino_vazoda-lale.jpg,148605.mp3,0.1000390350818634
abraham-manievich_birch-trees-1911.jpg,025227.mp3,0.06965985149145126
eugene-delacroix_tasso-in-the-madhouse-1839.jpg,141289.mp3,0.037535905838012695
mark-tobey_flame-of-colors-1974.jpg,145645.mp3,-0.049898773431777954
abidin-dino_unknown-title-10.jpg,148773.mp3,0.08977539837360382
ivan-aivazovsky_view-of-constantinople-and-the-bosporus.jpg,139773.mp3,0.14821800589561462
abraham-storck_the-arrival-of-the-russian-embassy-in-amsterdam-29-august-1697-1697.jpg,000203.mp3,-0.033246688544750214
thomas-hill_el-capitan-with-clouds-rest-beyond-yosemite-1901.jpg,144212.mp3,0.05673409625887871
adalbert-erdeli_sanatorium-synyak-1955.jpg,154303.mp3,-0.014522554352879524
john-constable_yarmouth-pier-1822.jpg,005268.mp3,-0.04427439719438553
abraham-storck_a-dutch-harbour-scene-with-ships-and-bathers-0.jpg,144741.mp3,-0.05006843060255051
eyvind-earle_of-the-hills-and-valleys.jpg,142528.mp3,0.08103910088539124
abraham-storck_harbour-scene.jpg,152418.mp3,0.030584421008825302
vasily-perov_paris-sharmanschitsa-sketch-1863.jpg,142381.mp3,-0.011684891767799854
abraham-storck_dam-square-in-amsterdam-1675.jpg,150073.mp3,0.06619539111852646
abraham-storck_hamn.jpg,146683.mp3,0.0017678881995379925
sam-francis_untitled-sfp88-12-1988.jpg,152261.mp3,0.06351488083600998
abraham-van-strij_the-fishsaleswoman.jpg,144801.mp3,-0.0031617553904652596
abidin-dino_flower-1970.jpg,137167.mp3,0.0036453865468502045
adalbert-erdeli_spring.jpg,000621.mp3,0.08287762850522995
armando-reveron_la-cueva-1920.jpg,141616.mp3,0.07952667772769928
tamas-ervin_torsos-1982.jpg,142949.mp3,0.09470850229263306
camille-pissarro_the-fair-in-dieppe-sunny-morning-1901.jpg,141286.mp3,0.02757895551621914
louis-comfort-tiffany_windows-church-of-the-covenant-boston-14.jpg,144945.mp3,0.015976503491401672
roger-weik_ping-2016-2016.jpg,152543.mp3,0.039499543607234955
charles-willson-peale_charles-waterton-1824.jpg,141285.mp3,0.026405300945043564
abraham-storck_vue-dun-port-meridional.jpg,143060.mp3,0.0005441848188638687
guercino_the-penitent-magdalen-1649.jpg,000615.mp3,-0.05512527376413345
jean-messagier_les-mangeurs-de-vent.jpg,142086.mp3,-0.03773007169365883
hans-gude_the-lake-of-constance-1888.jpg,149623.mp3,0.0421944335103035
claude-monet_the-cour-d-albane-grey-weather.jpg,138071.mp3,-0.009079791605472565
jean-miotte_instant-ebloui-1979.jpg,148510.mp3,0.026891831308603287
daniele-da-volterra_assumption-of-the-virgin-della-rovere-chapel-trinita-dei-monti.jpg,152480.mp3,0.0030597951263189316
edouard-riou_journey-to-the-center-of-the-earth-1864-31.jpg,143221.mp3,0.11345499008893967
abidin-dino_antibes-1961-1.jpg,001732.mp3,0.08742701262235641
abidin-dino_lament-nomads-1940.jpg,152262.mp3,0.03709796071052551
kees-van-dongen_woman-with-green-stockings-1905.jpg,139804.mp3,0.018989212810993195
ivan-aivazovsky_the-nice-at-night.jpg,148214.mp3,0.10187236964702606
graca-morais_brinquedos.jpg,143237.mp3,0.06801889091730118
richard-jack_the-honourable-edith-violet-kathleen-agar-robartes.jpg,143061.mp3,-0.01985267736017704
paul-cezanne_fruit-and-jug-on-a-table.jpg,141618.mp3,0.02825983799993992
vasily-perov_portrait-of-a-merchant-s-t-kuznetsov-1873.jpg,147269.mp3,-0.04759027063846588
nicholas-roerich_study-of-scene-design-for-snow-maiden-1921-1.jpg,147086.mp3,-0.08233383297920227
eyvind-earle_sierra-madre-foothills.jpg,139771.mp3,0.09413556754589081
abraham-storck_mediterranean-harbour-scene.jpg,142579.mp3,-0.04850100725889206
achille-zo_la-porta-di-toledo-1869.jpg,148032.mp3,0.0843580961227417
camille-corot_view-at-riva-italian-tyrol-1834.jpg,148585.mp3,0.0805240273475647
abraham-storck_a-dutch-harbour-scene-with-ships-and-bathers.jpg,137426.mp3,-0.08230741322040558
hyacinthe-rigaud_suzanne-de-boubers-de-bernatre.jpg,144943.mp3,0.01358064915984869
iurie-matei_the-source-of-infection-ii-2010.jpg,147268.mp3,0.043701108545064926
victor-palmov_unknown.jpg,136708.mp3,0.0983680859208107
georgi-mashev_nostalgia.jpg,149099.mp3,0.13043038547039032
adalbert-erdeli_female-portrait-1912.jpg,136091.mp3,-0.003143344074487686
edward-burne-jones_baronne-deslandes.jpg,146961.mp3,0.0332590788602829
abidin-dino_unknown-title-6.jpg,136466.mp3,0.11426109075546265
bozoky-maria_snowy-landscape-with-crows-1981.jpg,135220.mp3,0.04569517821073532
giovanni-battista-gaulli_triumph-of-bacchus-and-ariadne-1675.jpg,001259.mp3,0.006409524939954281
helene-de-beauvoir_les-laveuses-au-bord-de-la-mer.jpg,141561.mp3,0.021090226247906685
claude-monet_entrance-to-the-port-of-trouville.jpg,145707.mp3,0.001826956868171692
isaac-levitan_village-1884.jpg,138217.mp3,0.019515149295330048
adalbert-schaffer_a-still-life-with-fruit-roses-and-a-pitcher-set-on-a-marble-ledge.jpg,148604.mp3,-0.059239067137241364
wlodzimierz-zakrzewski_cmentraz-w-okolicy-atri-1964-60x80-1964.jpg,001066.mp3,0.07455600798130035
abraham-manievich_late-summer-afternoon-the-bronx.jpg,150064.mp3,-0.0039991699159145355
graham-sutherland_fallen-tree-against-sunset-1940.jpg,138064.mp3,0.03407582640647888
walter-crane_diana-and-endymion-1883.jpg,147087.mp3,0.17326588928699493
henri-fantin-latour_vase-of-peonies-and-snowballs-1878.jpg,148285.mp3,0.02837960049510002
vincent-van-gogh_still-life-with-grapes-1887.jpg,142566.mp3,0.08747601509094238
abidin-dino_drawing.jpg,139769.mp3,0.004706701263785362
charles-le-brun_hercules.jpg,025032.mp3,0.0034474413841962814
amedeo-modigliani_woman-with-white-coat-1917.jpg,138025.mp3,0.0501963309943676
paul-revere_colonel-bouquet-1774.jpg,136467.mp3,0.03088792786002159
ivan-shishkin_alley-of-the-summer-garden-in-st-petersburg-1869.jpg,135364.mp3,0.145797461271286
abidin-dino_deniz-k-st-1979.jpg,139523.mp3,0.1625814437866211
charles-m-russell_wild-meat-for-wild-men-1890.jpg,145464.mp3,-0.0853346437215805
abraham-storck_the-four-days-battle.jpg,141167.mp3,-0.021480605006217957
edelfelt-albert_herdarnas-tillbedjan-1894.jpg,148028.mp3,0.043615035712718964
abraham-storck_ships-passing-a-windmill.jpg,139112.mp3,-0.05212750285863876
carl-larsson_karin-and-brita-with-cactus-1909.jpg,135226.mp3,0.09417029470205307
abraham-storck_tableau-de-marine.jpg,150288.mp3,-0.02742210030555725
abraham-manievich_autumn.jpg,141293.mp3,0.030011992901563644
adalbert-erdeli_caricature-with-a-bottle.jpg,135091.mp3,0.04838389530777931
miguel-cabrera_the-conversion-of-saint-ignatius-loyola.jpg,137174.mp3,-0.036473579704761505
albrecht-durer_madonna-with-the-siskin-1506.jpg,137168.mp3,-0.03646237775683403
paul-gauguin_bouquet-of-flowers.jpg,143046.mp3,-0.030069833621382713
abraham-van-strij_interior-with-a-woman-and-man.jpg,145550.mp3,0.08744616061449051
francisco-de-zurbaran_the-savior-blessing-1638.jpg,144733.mp3,0.027561886236071587
john-singleton-copley_nicholas-boylston.jpg,148603.mp3,-0.021554142236709595
abidin-dino_flower-3.jpg,144477.mp3,0.1642736792564392
gustave-dore_amateur-from-garden.jpg,138068.mp3,-0.02859215997159481
moise-kisling_not-identified-7.jpg,144543.mp3,0.15942999720573425
abraham-storck_hollandse-straatvaarders-bij-een-haven-aan-de-middellandse-zee-hollandse-straatvaarders-bij-een.jpg,135228.mp3,0.03739955276250839
abraham-storck_het-eiland-onrust-bij-batavia-onrust-island-near-batavia-1699.jpg,150079.mp3,0.009993765503168106
felipe-de-vicente_art-122-2015.jpg,139537.mp3,-0.023891158401966095
abidin-dino_antibes-1961.jpg,142537.mp3,0.06276972591876984
antonio-jacobsen_the-yacht-defender-on-a-leeward-reach-by-sandy-hook.jpg,144179.mp3,-0.04598269611597061
abraham-van-strij_woman-and-child-in-basement.jpg,137170.mp3,-0.07888256758451462
abraham-manievich_autumn-in-the-park-1925.jpg,001644.mp3,0.1130475103855133
zinaida-serebriakova_portrait-of-r-ernst-1922.jpg,145755.mp3,0.010655537247657776
abraham-manievich_camden-1923.jpg,145549.mp3,0.010197732597589493
toyota-hokkei_chinese-sage-reading-while-riding-on-a-buffalo-1820.jpg,147085.mp3,0.022618921473622322
abidin-dino_may-68-1968.jpg,137211.mp3,0.03570527583360672
john-frederick-herring-sr_queen-victorias-favourite-arab-and-dogs.jpg,142564.mp3,-0.027211811393499374
werner-berg_horse-feeding-from-a-tree-1932.jpg,149075.mp3,0.03713948652148247
karl-bryullov_portrait-of-f-a-bruni-1828.jpg,148302.mp3,0.003049185499548912
rembrandt-peale_portrait-of-american-revolutionary-war-militia-general-and-us-senator-from-south-carolina-thomas.jpg,142433.mp3,0.07932551950216293
abraham-van-strij_butcher-in-his-shop.jpg,144546.mp3,0.07391618937253952
edgar-degas_three-dancers-in-purple-skirts.jpg,137935.mp3,-0.015294015407562256
albert-irvin_renfrew-1983.jpg,147409.mp3,0.04085174575448036
vincent-van-gogh_the-starry-night-1888-2.jpg,137899.mp3,0.04104822874069214
abraham-manievich_the-yellow-house.jpg,136424.mp3,-0.022199437022209167
pavel-fedotov_portrait-of-maria-pavlovna-druzhinina.jpg,142565.mp3,0.005876914598047733
gustave-loiseau_by-the-eure-river-in-summer-1902-1.jpg,142538.mp3,-0.037287309765815735
salvador-dali_portrait-of-alexander-guest-1959.jpg,134073.mp3,0.1664426326751709
domenico-fiasella_visione-di-san-giovanni.jpg,145702.mp3,0.05369976907968521
charles-andre-van-loo-carle-van-loo_presentation-of-jesus-in-the-temple-1725.jpg,146969.mp3,-0.039266668260097504
ogata-gekko_nihon-hana-zue-1897.jpg,143309.mp3,0.06010887026786804
john-martin_belshazzar-s-feast-1820.jpg,001082.mp3,0.008615336380898952
virginia-frances-sterrett_old-french-fairy-tales-1920-0.jpg,025124.mp3,0.13288837671279907
abraham-storck_onrust-island-near-batavia-1699.jpg,147815.mp3,0.021834947168827057
edgar-degas_three-dancers-before-exercise.jpg,148612.mp3,-0.052627239376306534
telemaco-signorini_sketch-for-straw-weavers-at-settignano.jpg,144946.mp3,0.09948019683361053
abidin-dino_untitled-1971.jpg,142091.mp3,-5.109235644340515e-05
pieter-brueghel-the-younger_peasants-making-merry-outside-a-tavern-the-swan.jpg,142575.mp3,0.11241465061903
edward-hicks_peaceable-kingdom-1833.jpg,138256.mp3,0.036417074501514435
fernand-leger_the-big-parade.jpg,137895.mp3,0.05498449504375458
edvard-munch_nude-i-1913.jpg,145742.mp3,0.020718414336442947
rembrandt_balaam-s-ass-1626.jpg,145257.mp3,-0.04468677565455437
abraham-manievich_rural-landscape-1921.jpg,141564.mp3,-0.012527257204055786
abraham-van-strij_sitting-man-with-dog.jpg,145552.mp3,0.07003939896821976
pierre-auguste-renoir_breton-landscape-trees-and-moor-1892.jpg,138015.mp3,0.073896124958992
edward-lear_howatke-1867.jpg,000821.mp3,0.16036318242549896
david-cox_wind-rain-and-sunshine-1845.jpg,152254.mp3,0.0810902938246727
abraham-storck_die-reede-von-enkhuizen.jpg,148132.mp3,0.11345358192920685
simon-de-vlieger_a-dutch-yacht-from-zeeland-1629.jpg,145004.mp3,0.022513775154948235
abidin-dino_drawing-pain-self-portrait-1967.jpg,138351.mp3,0.1482156217098236
aydin-aghdashloo_falling-angels-ii.jpg,001684.mp3,0.045475445687770844
michel-seuphor_chanson-nocturne-1958.jpg,001417.mp3,-0.009280096739530563
abraham-storck_view-of-a-harbour-on-the-zuiderzee.jpg,025031.mp3,-0.045936621725559235
yu-youhan_mao-1993.jpg,025033.mp3,0.01768634095788002
abraham-manievich_fall-scene.jpg,000892.mp3,0.10364282876253128
antonello-da-messina_madonna-and-child-madonna-benson-1470.jpg,148288.mp3,0.08462750166654587
charles-andre-van-loo-carle-van-loo_theseus-taming-the-bull-of-marathon-1730.jpg,134034.mp3,-0.06811530143022537
jacques-villon_4e-bucolique-pollion-from-les-bucoliques.jpg,138063.mp3,0.16557586193084717
john-ferren_untitled-1933.jpg,143095.mp3,0.022843988612294197
adalbert-erdeli_still-life-with-lemons-1955.jpg,135229.mp3,0.11287761479616165
graham-sutherland_dog-rock-1976.jpg,135224.mp3,0.16154639422893524
peter-paul-rubens_the-departure-of-lot-and-his-family-from-sodom.jpg,136449.mp3,-0.008625971153378487
alfred-wallis_four-boats-by-a-lighthouse.jpg,145730.mp3,0.02016115002334118
gazmend-freitag_gabriele-on-the-bamboo-bed-2-0.jpg,153956.mp3,0.11299405246973038
jose-de-almada-negreiros_a-s-tira-1911.jpg,144549.mp3,0.12092232704162598
abdul-mati-klarwein_symbole-du-jour-1984.jpg,149139.mp3,0.0773296058177948
abraham-storck_beach-view-1683.jpg,139329.mp3,-0.002504469361156225
rembrandt_the-mountebank-1635.jpg,144454.mp3,0.015782859176397324
rene-magritte_portrait-of-e-l-t-mesens-1930.jpg,000212.mp3,0.06398896127939224
abraham-van-strij_wooden-rafts-pm-the-biesbosch.jpg,144181.mp3,-0.0006833299994468689
james-archer_sir-henry-irving-as-mathias-in-the-bells-1872.jpg,137213.mp3,0.11429411172866821
jean-baptiste-van-loo_francis-godolphin-2nd-earl-of-godolphin-1745.jpg,154413.mp3,0.01126203965395689
albrecht-durer_soldiers.jpg,137722.mp3,0.04866510629653931
abraham-storck_die-niederlandische-flotte-auf-der-reede-vor-amsterdam.jpg,001688.mp3,-0.06647656857967377
ivan-kramskoy_portrait-of-sofia-nikolaevna-kramskoy-the-artist-s-wife-1879.jpg,153946.mp3,0.10736849904060364
abraham-manievich_vinnytsia-yerusalymka-district-1905.jpg,148218.mp3,0.12865576148033142
andreas-achenbach_coastal-landscape-with-city-view-1875.jpg,141304.mp3,-0.001464255154132843
abraham-manievich_flowers.jpg,000853.mp3,0.1916847676038742
eastman-johnson_the-freedom-ring-1860.jpg,144740.mp3,0.04278222844004631
bartolome-esteban-murillo_st-isidor-1655.jpg,145748.mp3,0.02417389675974846
abraham-storck_gezicht-op-de-laurenskerk-gezien-vanuit-noordoosten-1676.jpg,152569.mp3,0.12664005160331726
jean-auguste-dominique-ingres_perseus-and-andromeda.jpg,145042.mp3,0.05942826718091965
diego-rivera_the-embrace-1923.jpg,025030.mp3,-0.015802230685949326
roger-weik_number-59-2013.jpg,001075.mp3,0.13186994194984436
abraham-manievich_flowers-on-a-yellow-table.jpg,142083.mp3,-0.06351084262132645
janos-mattis-teutsch_peaky-forms-1923.jpg,025215.mp3,0.027255848050117493
sam-francis_untitled-1953.jpg,001663.mp3,0.10783372819423676
tamas-ervin_self-portrait-1977.jpg,148610.mp3,0.11919685453176498
frida-kahlo_portrait-of-lucha-maria-a-girl-from-tehuacan-1942.jpg,141619.mp3,0.052540022879838943
andreas-achenbach_rowing-on-rough-seas-1903.jpg,141972.mp3,0.031091490760445595
eleanor-fortescue-brickdale_fine-knacks-for-ladies-cheap-choice-brave-and-new-1920.jpg,139775.mp3,0.021021462976932526
abraham-manievich_still-life-1930.jpg,135223.mp3,0.03396585211157799
georgi-kovachev_awaiting-1987.jpg,145457.mp3,-0.012042975053191185
piero-della-francesca_battle-between-heraclius-and-chosroes-detail-1.jpg,152324.mp3,0.030008403584361076
abidin-dino_abstract-composition.jpg,149625.mp3,-0.029063336551189423
endre-bartos_nightfall-on-the-danube-coast.jpg,000694.mp3,-0.08778505027294159
gustave-dore_don-quixote-38.jpg,137424.mp3,-0.00932584423571825
henry-ossawa-tanner_fishermen-at-sea-1914.jpg,145703.mp3,0.0004500150680541992
toko-shinoda_reminiscence-2005.jpg,146148.mp3,0.00312551436945796
il-sodoma_st-sebastian-1525.jpg,148608.mp3,0.03678525984287262
peter-paul-rubens_the-cardinal-infante-1634.jpg,138306.mp3,0.0742909237742424
eric-ravilious_s-s-brighton-leaving-newhaven-c-1935.jpg,148532.mp3,0.05507597699761391
andreas-achenbach_sailors-at-stormy-seas-1898.jpg,146727.mp3,-0.055134594440460205
adalbert-erdeli_cityscape.jpg,135986.mp3,-0.0012169284746050835
pietro-longhi_the-hunters-and-the-farmers.jpg,000140.mp3,0.11768428981304169
albrecht-durer_death-of-orpheus-1498.jpg,139772.mp3,0.04620068520307541
telemaco-signorini_not-being-able-to-wait-or-the-letter-1867.jpg,147267.mp3,-0.04553254693746567
salvador-dali_the-second-coming-of-christ.jpg,148113.mp3,0.02959596738219261
abdul-mati-klarwein_wet-curve-1981.jpg,141141.mp3,0.09744866192340851
marc-chagall_study-to-moses-with-the-burning-bush.jpg,146153.mp3,0.019772782921791077
antonio-calderara_spazio-luce-1961.jpg,001682.mp3,0.022855013608932495
fernand-leger_the-disc-1918.jpg,138581.mp3,0.05819982662796974
adalbert-schaffer_stillleben-mit-fruchten-rosen-prunkkelch-und-vogel-1850.jpg,153955.mp3,-0.013948192819952965
claude-monet_lane-in-the-vineyards-at-argenteuil.jpg,144548.mp3,0.011720559559762478
henri-matisse_pont-saint-michel-paris-1895.jpg,145724.mp3,0.01780490018427372
abraham-storck_a-mock-sea-battle-on-the-ij-in-honour-of-the-russian-ambassadors-mock-battle-on-the-ij-on-the.jpg,137631.mp3,0.046910155564546585
achille-zo_bullfight-scene.jpg,139990.mp3,0.028137780725955963
camille-pissarro_the-roundelay-1892.jpg,144215.mp3,0.07486753910779953
maurycy-gottlieb_portrait-of-a-boy-from-the-gottlieb-family-1875.jpg,145777.mp3,0.007723983842879534
george-romney_reverend-daniel-wilson-1760.jpg,146151.mp3,-0.024299457669258118
abdul-mati-klarwein_robert-graves-1958.jpg,005158.mp3,0.06438795477151871
claude-monet_the-cour-d-albane.jpg,005940.mp3,-0.038142286241054535
yuriy-zlotnikov_moscow-1956.jpg,138010.mp3,0.0347442626953125
paula-modersohn-becker_sketch-with-six-figure-compositions-1907.jpg,142093.mp3,0.008739851415157318
eastman-johnson_a-ride-for-freedom-the-fugitive-slaves-1862.jpg,142359.mp3,0.16031350195407867
charles-m-russell_deer-in-the-dell-1909.jpg,145260.mp3,0.017777733504772186
eastman-johnson_musical-instinct-1869.jpg,145761.mp3,-0.12858712673187256
henri-regnault_berger-des-montagnes-de-la-castille.jpg,139663.mp3,-0.022415246814489365
ilya-mashkov_berries-on-the-background-of-a-red-tray-1908.jpg,142568.mp3,0.00896599143743515
edouard-riou_a-whale-swims-between-two-icebergs-where-it-is-crushed-the-whalers-manage-to-cut-the-wire-in-time.jpg,148289.mp3,0.14849181473255157
adalbert-erdeli_a-road-along-the-river-1940.jpg,149369.mp3,0.008423153311014175
abraham-storck_beach-view.jpg,142133.mp3,-0.08787386864423752
edouard-riou_story-le-rubis-du-grand-lama-7.jpg,149141.mp3,0.01490088738501072
asher-brown-durand_hudson-river-sketch.jpg,152258.mp3,0.00429284805431962
eyvind-earle_grazing-in-peace-1970.jpg,144545.mp3,0.12754544615745544
theophile-steinlen_musettes-gross.jpg,139491.mp3,0.03509256988763809
wassily-kandinsky_improvisation-dreamy-1913.jpg,138215.mp3,0.12508869171142578
abraham-manievich_unknown-title.jpg,142572.mp3,-0.0016300547868013382
abraham-manievich_paris-street.jpg,149101.mp3,-0.02395736426115036
hans-andersen-brendekilde_kain-ved-sit-arbejde-i-marken-efter-at-have-ihjelslaet-sin-broder-abel-1896.jpg,148513.mp3,0.08166158199310303
josef-capek_the-african-king.jpg,148186.mp3,0.016248410567641258
abraham-storck_four-days-battle.jpg,152103.mp3,-0.01839837059378624
raiskina-marina_women-of-a-sort-2006.jpg,137724.mp3,0.06503709405660629
jan-miense-molenaer_bauernhochzeit-1659.jpg,138070.mp3,0.08660344779491425
abraham-storck_voiliers.jpg,144936.mp3,0.0384090282022953
adalbert-schaffer_prunkstilleben-1857.jpg,137172.mp3,0.04919670894742012
jean-honore-fragonard_marie-madeleine-guimard.jpg,142516.mp3,0.0012986194342374802
emily-carr_heart-of-the-forest-1935.jpg,144423.mp3,-0.10550514608621597
albert-julius-olsson_waterfall-in-sweden-1940.jpg,145556.mp3,0.057657260447740555
claude-monet_water-lilies-9.jpg,138416.mp3,0.12794166803359985
abraham-storck_self-portrait.jpg,139461.mp3,0.06369654834270477
gerard-van-honthorst_portrait-of-portrait-of-amalia-of-solms-braunfels-1635.jpg,142641.mp3,-0.012601008638739586
abraham-manievich_autumn-day.jpg,144935.mp3,0.018147477880120277
mikalojus-ciurlionis_hymn-ii.jpg,139532.mp3,0.019186576828360558
abidin-dino_flower-1970-1.jpg,000708.mp3,0.024548251181840897
abidin-dino_soyut-kompozisyon.jpg,147020.mp3,0.07483501732349396
samuel-peploe_still-life-with-a-melon-and-apples.jpg,144550.mp3,0.07199731469154358
christian-ludwig-attersee_euterscheuche-1980.jpg,005264.mp3,0.03329414129257202
honore-daumier_a-famous-cause.jpg,139992.mp3,0.019886257126927376
gustav-klimt_the-virgin-1913.jpg,001685.mp3,0.15077871084213257
adalbert-erdeli_flowers-in-a-vase.jpg,148518.mp3,-0.0013072444126009941
abidin-dino_hand.jpg,145258.mp3,0.04417774826288223
richard-oelze_in-eigenem-garten-1968.jpg,141875.mp3,0.11877425760030746
erich-heckel_house-in-dangast-the-white-house-1908.jpg,001069.mp3,0.08812344074249268
abraham-van-strij_contemplation-of-a-drawing.jpg,139994.mp3,-0.015506260097026825
abraham-storck_view-of-amsterdam-with-the-ij-1690.jpg,141562.mp3,-0.014863178133964539
pablo-picasso_portrait-of-corina-romeu-1902.jpg,135227.mp3,0.022123906761407852
theodoros-stamos_untitled-columns-of-fire-1956.jpg,138039.mp3,0.10512609779834747
robert-rauschenberg_historic-detour-scenario-2006.jpg,135225.mp3,0.012449465692043304
owen-jones_greek-no-6-ornaments-from-greek-and-etruscan-vases.jpg,141291.mp3,0.17139670252799988
konstantinos-maleas_view-of-kalavryta.jpg,000207.mp3,0.008439772762358189
abraham-storck_een-rivierzicht.jpg,147780.mp3,0.10478009283542633
abraham-storck_an-english-yacht-saluting-a-dutch-man-of-war-in-the-port-of-rotterdam-1708.jpg,142085.mp3,-0.046914100646972656
abraham-manievich_snow-covered-street.jpg,142529.mp3,0.06546235084533691
victor-pasmore_sun-and-sky-1979.jpg,139933.mp3,0.16153490543365479
hans-andersen-brendekilde_to-born-i-en-landsby-gade-1921.jpg,148124.mp3,-0.08771537244319916
william-blake_los-entering-the-grave-1820.jpg,135010.mp3,0.03725380823016167
frida-kahlo_self-portrait-with-stalin-1954.jpg,001073.mp3,0.06048808991909027
abraham-manievich_unfinished-painting.jpg,149078.mp3,-0.02298198826611042
sarunas-sauka3_ikyrios-mintys-1991.jpg,148120.mp3,0.04474036395549774
adalbert-erdeli_mountain-landscape-1930.jpg,148133.mp3,0.12218967825174332
abraham-storck_a-view-of-nafplion-in-greece-with-dutch-indiamen-galleys-and-other-vessels-offshore.jpg,000211.mp3,0.1321096569299698
pablo-picasso_candle-palette-head-of-red-bull-1938.jpg,139991.mp3,0.09378853440284729
michelangelo_annunciation-study-1547.jpg,145259.mp3,0.02361568808555603
abraham-manievich_beyond-the-trees.jpg,137896.mp3,0.0005609607324004173
camille-corot_roman-countryside.jpg,138060.mp3,0.09733733534812927
frans-hals_young-man-and-woman-in-an-inn-yonker-ramp-and-his-sweetheart-1623.jpg,001689.mp3,0.11020209640264511
charles-turner_william-emerson-1812.jpg,138410.mp3,-0.029766205698251724
abidin-dino_bal-k-pazar-1930.jpg,146879.mp3,0.09177135676145554
eyvind-earle_sunrise-1998.jpg,148211.mp3,0.07417435944080353
ivan-aivazovsky_rocks-in-the-mist-1890.jpg,139862.mp3,-0.025536414235830307
maurice-esteve_composition-166-1957-1.jpg,000704.mp3,0.08692096173763275
andrea-del-verrochio_madonna-lactans.jpg,137151.mp3,-0.06776834279298782
abidin-dino_unknown-title-7.jpg,148234.mp3,0.10811502486467361
wassily-kandinsky_murnau-with-a-church-1910.jpg,147024.mp3,0.020289935171604156
zinaida-serebriakova_boy-musician-1928.jpg,025028.mp3,0.14440876245498657
abraham-manievich_street-in-a-provincial-town-1915.jpg,144213.mp3,0.12918736040592194
abraham-manievich_landscape.jpg,145705.mp3,-0.02555432729423046
elena-bontea_sunflower-1965.jpg,143058.mp3,-0.020645510405302048
theophile-steinlen_sur-les-flots-bleux-7186.jpg,141735.mp3,-0.005034953355789185
rembrandt_the-beheading-of-john-the-baptist-1640.jpg,142092.mp3,0.06615646928548813
edward-burne-jones_gudrun-setting-fire-to-atli-s-palace-1897.jpg,145727.mp3,-0.016945984214544296
georges-valmier_the-cattle-on-the-mountain-1922.jpg,145750.mp3,0.03528163582086563
martin-johnson-heade_magnolias-on-gold-velvet-cloth-1890.jpg,141137.mp3,0.03763861954212189
abraham-manievich_untitled.jpg,142947.mp3,0.047571465373039246
david-cox_the-wayfarers.jpg,148286.mp3,0.11508840322494507
vincent-van-gogh_tree-roots-1890.jpg,147191.mp3,0.07933411747217178
rashid-al-khalifa_metamorphosis-iv-1997.jpg,137423.mp3,0.10078883171081543
abidin-dino_hand-1950.jpg,142570.mp3,0.013800952583551407
virginia-frances-sterrett_old-french-fairy-tales-1920-13.jpg,001687.mp3,0.1687113642692566
abraham-manievich_town-street.jpg,137901.mp3,0.10669049620628357
abraham-storck_departure-of-william-iii-from-hellevoetsluis-19-october-1688-1688.jpg,141290.mp3,0.031199106946587563
louis-philippe-crepin_battle-of-trafalgar.jpg,001735.mp3,0.0013803225010633469
abidin-dino_unknown-title-2.jpg,149712.mp3,0.004702412988990545
gustave-courbet_portrait-of-juliette-courbet-as-a-sleeping-child-1841.jpg,146968.mp3,0.006683371029794216
william-collins_rustic-civility-1833.jpg,000534.mp3,0.03958219289779663
abraham-storck_walfang-im-polarmeer.jpg,154307.mp3,0.0037945089861750603
richard-eurich_a-ships-boat-at-sea-1941.jpg,149776.mp3,0.007117773871868849
artus-scheiner_illustration-for-tales-from-shakespeare-1923-2.jpg,148131.mp3,0.04574564844369888
abraham-manievich_barn-with-figures.jpg,149100.mp3,0.07067705690860748
salvador-dali_the-god-of-the-bay-of-roses-1944.jpg,138023.mp3,0.11451692879199982
ernst-wilhelm-nay_red-in-red-i-1965.jpg,142088.mp3,0.07446295768022537
edward-burne-jones_portrait-of-a-young-boy.jpg,148190.mp3,0.0690280869603157
vasily-perov_merrymaking-in-paris-1864.jpg,138580.mp3,-0.07727891206741333
tano-festa_ritratto-dell-attore-alain-delon-1975.jpg,145708.mp3,0.07076512277126312
helene-schjerfbeck_the-gipsy-woman-1919.jpg,136705.mp3,0.12184938788414001
serge-brignoni_anatomic-cross-section-1976.jpg,136707.mp3,0.11201905459165573
theophile-steinlen_la-greve-des-juifs-1898.jpg,146478.mp3,0.06123107299208641
achille-zo_marguerite-in-church-listening-to-the-dies-irae.jpg,001277.mp3,0.0455797016620636
abraham-van-strij_interior-with-soldier-and-maid.jpg,145709.mp3,-0.037225138396024704
dante-gabriel-rossetti_joli-coeur-french-for-1867.jpg,145706.mp3,-0.007019440643489361
william-hawkins_big-jumbo-1988.jpg,137419.mp3,0.08224228024482727
telemaco-signorini_the-toepath-1864.jpg,145189.mp3,-0.024506021291017532
wilhelm-von-kaulbach_mentally-ill-patients-in-the-garden-of-an-asylum.jpg,145783.mp3,0.03759413957595825
jean-cocteau_prometheus-1946.jpg,134385.mp3,0.06976693868637085
edouard-manet_portrait-of-irma-brunner.jpg,000194.mp3,-0.02088470757007599
allan-kaprow_calling-1966.jpg,150018.mp3,0.06887933611869812
marc-chagall_portrait-of-vava.jpg,153337.mp3,0.02151493728160858
graham-sutherland_devastation-house-in-wales-1939.jpg,143098.mp3,0.08899743109941483
abraham-manievich_spring-in-kyiv-s-kurenivka-district-1915.jpg,147022.mp3,-0.039431750774383545
ferdinand-bol_portrait-of-pieter-bouwens-1658.jpg,137990.mp3,0.019654717296361923
william-blake_night-startled-by-the-lark-1820.jpg,138213.mp3,-0.017552144825458527
currier-and-ives_a-brush-on-the-snow-1871.jpg,145756.mp3,0.0011425511911511421
pietro-perugino_polyptych-of-st-peter-san-mauro-1500.jpg,146685.mp3,0.10226650536060333
georg-baselitz_p-d-zeichnung-1963.jpg,145745.mp3,0.07256682962179184
josef-capek_devcata-na-kopci-1936.jpg,142535.mp3,0.038728825747966766
henryk-siemiradzki_a-dangerous-game.jpg,148217.mp3,-0.017401358112692833
abraham-manievich_winter-scene-with-church-1911.jpg,148303.mp3,0.05448012053966522
francisco-goya_manuel-godoy-duke-of-alcudia-prince-of-peace-1801.jpg,136094.mp3,-0.05149107426404953
luca-signorelli_pair-of-apostles-in-dispute-1482.jpg,025216.mp3,-0.029293421655893326
jan-dirksz-both_a-mountain-path-1650.jpg,144465.mp3,0.0016992026939988136
peter-paul-rubens_rubens-rubens-his-wife-helena-fourment-and-their-son-peter-paul-1639.jpg,138041.mp3,-0.013261533342301846
william-orpen_masked-figures.jpg,142569.mp3,0.09360190480947495
zinaida-serebriakova_emerging-from-the-bath-1928.jpg,025232.mp3,0.03826664760708809
abraham-storck_gezicht-op-het-ij-bij-amsterdam.jpg,136465.mp3,-0.03214174881577492
adalbert-erdeli_engaged-1953.jpg,144933.mp3,0.03752954676747322
salvador-dali_portrait-of-frau-isabel-styler-tas.jpg,136995.mp3,0.16365891695022583
graham-sutherland_narrow-road-between-hedges-1939.jpg,143532.mp3,0.01920865848660469
olga-albizu_untitled-1965.jpg,141569.mp3,0.03318119794130325
jaroslav-keluc_winter-landscape.jpg,143306.mp3,0.02197427675127983
charles-blackman_untitled-the-red-bow.jpg,145704.mp3,0.16504628956317902
marc-chagall_gogol-and-chagall.jpg,148114.mp3,0.027027858421206474
pierre-auguste-renoir_cagnes-landscape-1908-1.jpg,134054.mp3,0.07607048749923706
abidin-dino_bloom-1990-1.jpg,000709.mp3,0.020677881315350533
gustave-courbet_a-young-woman-reading-1868.jpg,144170.mp3,-0.0026332978159189224
abidin-dino_nomads-portrait-of-a-woman-1940.jpg,142668.mp3,0.05493304505944252
francois-lemoyne_the-amorous-proposal.jpg,001681.mp3,0.10727386176586151
red-grooms_deli-2004.jpg,145432.mp3,0.07334720343351364
samuel-buri_new-frontiers-slogan-von-j-f-kennedy-1964.jpg,145747.mp3,0.07742509990930557
asher-brown-durand_guard-house-catskill-mountains-1857.jpg,001703.mp3,0.13542142510414124
salvador-dali_scene-in-the-courtyard-of-the-escorial-with-a-figure-in-the-foreground-inspired-by-michelangelo.jpg,135221.mp3,0.07700201123952866
abraham-manievich_house-workers-in-the-bronx.jpg,148611.mp3,0.0658256858587265
oswald-achenbach_feuerwerk-vor-neapel.jpg,148121.mp3,0.0643729493021965
abidin-dino_unknown-title-4.jpg,136994.mp3,0.17445820569992065
abraham-storck_southern-port-with-figures-and-ships.jpg,134359.mp3,0.057929109781980515
abraham-van-strij_winter-landscape.jpg,149951.mp3,-0.0052590868435800076
yuriy-zlotnikov_1958.jpg,144467.mp3,0.0225401371717453
joan-ponc_untitled-1982-1.jpg,148287.mp3,0.10695534944534302
abidin-dino_drawing-pain-1968.jpg,148514.mp3,0.06019129604101181
peter-busa_embullient-chord.jpg,001733.mp3,0.032424185425043106
pablo-picasso_an-artist-1963.jpg,138318.mp3,0.022176334634423256
varlin_der-hund-lapponio.jpg,142078.mp3,-0.090908944606781
james-webb_st-michael-s-mount-1861.jpg,139776.mp3,0.1825348287820816
charles-blackman_night-window.jpg,142360.mp3,0.0723782479763031
el-greco_the-virgin-of-the-immaculate-conception-1.jpg,145741.mp3,-0.04108625650405884
jules-alexandre-grun_untitled.jpg,144182.mp3,-0.0762927383184433
david-burliuk_bouquet-by-the-sea-1960.jpg,025378.mp3,0.15114405751228333
edward-ruscha_flash-l-a-times-1963.jpg,138320.mp3,0.07257642596960068
jorge-martins_har-m-m-ope-1969.jpg,135370.mp3,0.05622909218072891
abraham-storck_embarkation-of-soldiers-near-the-montelbaanstoren.jpg,145476.mp3,-0.030091408640146255
george-stefanescu_magical-ritual-2001.jpg,143304.mp3,-5.1363371312618256e-05
alfred-freddy-krupa_three-lombardy-poplars-and-starry-sky-2018.jpg,148231.mp3,0.0851668119430542
roger-weik_whisper-2005.jpg,000005.mp3,0.05574548617005348
rembrandt_the-triumph-of-mordechai-1641.jpg,145475.mp3,-0.02523983083665371
abraham-manievich_troika-in-the-snow-1910.jpg,145728.mp3,0.06266236305236816
karoly-ferenczy_portrait-of-p-l-szinyei-merse-1910.jpg,152253.mp3,0.03147498890757561
abidin-dino_unknown-title-11.jpg,137715.mp3,-0.08134765923023224
m-c-escher_not_detected_204682.jpg,149422.mp3,0.003273489885032177
adalbert-erdeli_girl-in-red.jpg,145760.mp3,-0.07823540270328522
abraham-storck_havnescene-med-middelalderlig-bygning-1674.jpg,144547.mp3,0.12275603413581848
james-webb_after-the-storm.jpg,139688.mp3,0.029049290344119072
khimich-yuriy-ivanovich_tri-vezhi-1962.jpg,137176.mp3,0.13301274180412292
wassily-kandinsky_soft-roughness-1933.jpg,138053.mp3,0.05837465822696686
abraham-storck_italiaanse-haven.jpg,144934.mp3,0.07242270559072495
jose-maria-velasco_hacienda-de-coapa-y-los-volcanes-1897.jpg,135363.mp3,0.0075348420068621635
adalbert-erdeli_alley-in-the-park.jpg,148439.mp3,-0.0675581842660904
tom-scott_herding-sheep-1906.jpg,144487.mp3,-0.05206422135233879
henri-matisse_bouquet-of-anemones-1918.jpg,136276.mp3,0.032988738268613815
alberto-sughi_the-clercks-1956.jpg,143308.mp3,0.05665186792612076
adalbert-erdeli_landscape-with-houses-1930.jpg,137900.mp3,-0.001663248986005783
claude-monet_the-pave-de-chailly-in-the-fontainbleau-forest.jpg,148607.mp3,-0.0342925488948822
giovanni-battista-gaulli_pope-alexander-vii.jpg,154309.mp3,0.07996821403503418
abraham-van-strij_fish-salesman-at-woman-and-chidren.jpg,149083.mp3,-0.08663663268089294
louis-comfort-tiffany_pumpkin-and-beets-window-1900.jpg,144940.mp3,0.06646361202001572
paul-gauguin_still-life-with-red-mullet-and-jug-1876.jpg,149842.mp3,0.005375207401812077
robert-rauschenberg_persimmon-1964.jpg,135222.mp3,0.10705585032701492
felix-vallotton_reclining-female-nude.jpg,148215.mp3,0.08919642120599747
vincent-van-gogh_pollard-willows-and-setting-sun-1888.jpg,143995.mp3,0.0688830018043518
abidin-dino_kadin-fig-r.jpg,146150.mp3,0.025325313210487366
tiberiy-szilvashi_untitled-2012-4.jpg,143299.mp3,0.025648724287748337
john-bratby_swim-pool.jpg,141164.mp3,-0.03204181790351868
abraham-manievich_portrait-of-the-artist-s-wife-1929.jpg,001673.mp3,-0.0257743950933218
alfred-wallis_nine-ships-in-harbour.jpg,148517.mp3,0.032416556030511856
chaim-soutine_the-musician-1927.jpg,141901.mp3,0.023282483220100403
abraham-storck_marine.jpg,137418.mp3,-0.03882738947868347
camille-corot_dieppe-end-of-a-pier-and-the-sea-1822.jpg,138022.mp3,0.09790311753749847
george-romney_mrs-john-matthews-1786.jpg,142666.mp3,0.03937148675322533
pablo-picasso_the-bird-cage.jpg,141567.mp3,0.06525745242834091
bozoky-maria_kolner-serie-11-1980.jpg,149689.mp3,-0.010484030470252037
marianne-stokes_death-and-the-maiden.jpg,143300.mp3,0.22490686178207397
joseph-lorusso_windows-i.jpg,145754.mp3,0.09181208908557892
karl-knaths_maritime-1931.jpg,143039.mp3,0.03609544038772583
benny-andrews_top-floor-1965.jpg,000193.mp3,0.1056852638721466
william-leighton-leitch_st-goar-um-1835-engraving-by-j-w-archer-after-leitch.jpg,001427.mp3,-0.024104932323098183
edgar-degas_dancers-in-a-box.jpg,143220.mp3,0.10145159065723419
pablo-picasso_head-of-a-man-1908.jpg,144600.mp3,0.12581537663936615
zhang-xiaogang_bloodline.jpg,136134.mp3,0.01855914480984211
patrick-henry-bruce_painting-1930.jpg,138317.mp3,0.029421960934996605
marc-chagall_asking-the-way.jpg,135044.mp3,0.11611998081207275
joan-miro_head-of-a-catalan-peasant-2.jpg,149370.mp3,0.01382294949144125
abraham-manievich_quiet-autumn-day.jpg,025235.mp3,0.05415744706988335
theophile-steinlen_le-rayon-de-soleil.jpg,144474.mp3,0.009976938366889954
jozef-mehoffer_the-sacred-heart-of-jesus-1911.jpg,144171.mp3,0.09455456584692001
abraham-manievich_bronx-river-park.jpg,135338.mp3,0.04565052688121796
achille-zo_posada-san-rafael-a-cordoue-1861.jpg,145241.mp3,0.003611100371927023
domenico-fiasella_josephs-coat-brought-to-jacob-1640.jpg,137998.mp3,0.022082671523094177
albrecht-durer_the-cross-of-christ-with-saint-veronica.jpg,150287.mp3,0.07169357687234879
gustave-loiseau_the-garden-behind-the-house-1915.jpg,145710.mp3,-0.048555366694927216
gustave-dore_the-ark-is-returned-to-beth-shemesh.jpg,142089.mp3,0.06285940110683441
leon-bakst_medee-jean-anouilh.jpg,149700.mp3,0.04681690037250519
frederick-morgan_skipping-1896.jpg,138311.mp3,0.04181128367781639
chronis-botsoglou_study-1965.jpg,143318.mp3,-0.021610848605632782
thomas-jones_buildings-in-naples-1782.jpg,147265.mp3,0.015290901064872742
jean-hugo_untitled-1947.jpg,141591.mp3,0.11580247431993484
frederic-edwin-church_parthenon-1869-0.jpg,000890.mp3,0.12256930023431778
evelyn-de-morgan_demorgan-evelyn-city-of-light-1894.jpg,143307.mp3,-0.01522862259298563
thomas-lawrence_sir-mark-sykes-henrietta-masterman-sykes-and-tatton-sykes.jpg,145749.mp3,0.019194941967725754
abraham-storck_die-niederlandische-flotte-auf-der-reede-vor-amsterdam-0.jpg,142950.mp3,-0.04963507875800133
adalbert-erdeli_still-life-with-a-clock.jpg,144475.mp3,-0.04848504811525345
matthew-smith_two-leaved-screen-leda-and-the-swan-recto-1925.jpg,138212.mp3,0.024007758125662804
adalbert-erdeli_caricature-1943.jpg,148099.mp3,-0.04021277278661728
paula-modersohn-becker_peat-digging-1902.jpg,150265.mp3,0.03297761082649231
peter-paul-rubens_adoration-of-the-shepherds-1608.jpg,150017.mp3,0.053623877465724945
wayne-thiebaud_lipsticks-1964.jpg,145653.mp3,0.09936434030532837
roman-selsky_yellow-flowers-1981.jpg,134443.mp3,0.09066849946975708
abraham-manievich_cloudy-day-bridgeport-connecticut-1939.jpg,153452.mp3,0.020433824509382248
pierre-auguste-renoir_dancer-1874.jpg,001924.mp3,0.10484783351421356
salvador-dali_stage-curtain-for-the-ballet-cafe-de-chinitas.jpg,000182.mp3,0.021842027083039284
claude-monet_path-through-the-irises-02-1917.jpg,154308.mp3,0.01731022447347641
matthias-stom_portrait-of-saint-ambrose-1639.jpg,000190.mp3,0.030944403260946274
jean-honore-fragonard_the-cradle-1765.jpg,143055.mp3,0.0045709614641964436
abraham-storck_embarkation-of-soldiers-near-the-montelbaanstoren-1690.jpg,144552.mp3,0.04887194558978081
nicolaes-maes_old-woman-dozing-1656.jpg,139522.mp3,0.11206593364477158
francisco-goya_the-ill-matched-couple.jpg,139876.mp3,0.006974884308874607
hieronymus-bosch_group-of-male-figures.jpg,139954.mp3,-0.06969085335731506
le-nain-brothers_landscape-with-an-old-woman.jpg,138069.mp3,-0.04024827852845192
anthony-van-dyck_charles-i-on-horseback.jpg,139110.mp3,-0.07990051060914993
otto-mueller_zwei-badende-madchen-1925.jpg,141180.mp3,0.033586300909519196
abidin-dino_self-portrait-1973.jpg,146724.mp3,0.010192266665399075
franz-sedlacek_abendlied-1938.jpg,137054.mp3,0.06771804392337799
paul-cezanne_man-standing-arms-extended.jpg,141295.mp3,0.03952215239405632
charles-robinson_the-happy-prince-1913.jpg,139681.mp3,-0.019610829651355743
adalbert-erdeli_still-life-with-authors-sculpture-1930.jpg,000574.mp3,0.03804936632514
hugo-simberg_homeward-bound-1901.jpg,148208.mp3,0.22947122156620026
theophile-steinlen_returning-home-1897.jpg,138040.mp3,0.01635046862065792
pieter-claesz_still-life-with-jug-wine-glass-herring-and-bread-1642.jpg,148584.mp3,0.017343619838356972
vasily-perov_court-pugacheva-1.jpg,141300.mp3,-0.0024841809645295143
emile-prisse-davennes_architecture-couronnements-frises-fleuronnees-necropole-de-thebes-xviiie-xxe-dynasties.jpg,141292.mp3,0.07275474071502686
adalbert-erdeli_self-portrait.jpg,137719.mp3,-0.10127142071723938
luca-signorelli_the-trinity-the-virgin-and-two-saints.jpg,138067.mp3,0.0373409129679203
john-altoon_untitled-abc-with-yellow-and-green-1967.jpg,141173.mp3,-0.00727725587785244
mstislav-dobuzhinsky_kaunas-cathedral-1931.jpg,001893.mp3,0.1491454839706421
camille-corot_a-seated-italian-from-paeigno-facing-front.jpg,005936.mp3,0.015401585958898067
ilya-repin_burlak-1873.jpg,149701.mp3,-0.008215094916522503
abraham-manievich_town-scene-with-bus-stop.jpg,143296.mp3,-0.05500364303588867
ivan-aivazovsky_the-bay-of-naples-by-moonlight-1892.jpg,144492.mp3,-0.008522603660821915
abraham-manievich_still-life-with-fruits.jpg,146716.mp3,-0.017262062057852745
francisco-goya_the-quail-shoot-1775.jpg,025029.mp3,-0.046006325632333755
henry-scott-tuke_gaily-coloured-fishing-vessels-at-anchor.jpg,141179.mp3,-0.05434195697307587
abraham-manievich_street-scene-with-hot-dog-stand.jpg,001196.mp3,0.0753905326128006
abraham-van-strij_cobbler-and-his-family.jpg,142671.mp3,-0.00010650884360074997
theodoros-stamos_infinity-field-jerusalem-series-1983.jpg,000368.mp3,0.09683795273303986
abdul-mati-klarwein_soundscape-1982.jpg,148516.mp3,0.11738891899585724
pompeo-batoni_virgin-and-child-with-saints.jpg,149727.mp3,0.21614688634872437
gustave-loiseau_notre-dame-de-la-clarte-1909.jpg,141284.mp3,0.017485175281763077
pieter-claesz_still-life-with-salt-tub-1644.jpg,150267.mp3,0.06994126737117767
george-stefanescu_mountain-lake-1995.jpg,144941.mp3,0.052559565752744675
abidin-dino_unknown-title.jpg,001443.mp3,0.07009309530258179
jules-dupre_small-floodplain.jpg,139226.mp3,-0.04947053641080856
abraham-manievich_lyrical-landscape.jpg,148537.mp3,0.14693683385849
pierre-auguste-renoir_the-rhone-and-the-seine.jpg,150063.mp3,0.027974078431725502
mikhail-vrubel_head-of-demon.jpg,000695.mp3,-0.010588530451059341
george-harvey_two-women-and-a-boy-study-for-the-covenanters-preaching-1830.jpg,141074.mp3,-0.13230645656585693
candido-portinari_o-vendedor-de-passarinhos.jpg,139123.mp3,0.01274869218468666
fernand-leger_the-mechanic-1920.jpg,146020.mp3,0.018064498901367188
charles-maurin_the-kiss.jpg,138017.mp3,0.2184085100889206
abraham-storck_shipping-off-amsterdam-1700.jpg,136706.mp3,-0.07240082323551178
ilya-mashkov_portrait-of-a-lady-with-pheasants-1911.jpg,145780.mp3,0.002008669078350067
alma-woodsey-thomas_red-rose-cantata-1973.jpg,142358.mp3,0.007592910900712013
abraham-manievich_village-landscape.jpg,144944.mp3,0.09731200337409973
isaac-levitan_fires.jpg,144587.mp3,0.07566913217306137
otto-mueller_badende-1911.jpg,001706.mp3,0.12292209267616272
salvator-rosa_the-assumption-of-the-virgin.jpg,137417.mp3,0.04907805845141411
abidin-dino_disasters-of-war-evocations-of-goya-1955.jpg,145020.mp3,-0.005893019028007984
howard-pyle_so-the-treasure-was-divided-1905.jpg,148441.mp3,-0.01723369024693966
parmigianino_portrait-of-a-man-1530.jpg,142533.mp3,-0.04024868085980415
abraham-manievich_early-spring-1913.jpg,000705.mp3,0.008930429816246033
adalbert-erdeli_river-uzh-1930.jpg,001544.mp3,0.02484901063144207
abraham-manievich_flowers-vase-on-a-hamper.jpg,138282.mp3,0.04743102192878723
abidin-dino_hand-tribute-to-ingres-1980.jpg,144551.mp3,0.11729457229375839
diego-rivera_woman-grinding-maize-1924.jpg,000213.mp3,0.021089307963848114
roger-weik_untitled-2016.jpg,145610.mp3,0.0922354981303215
joe-tilson_transparency-the-five-senses-taste-1969.jpg,141873.mp3,0.24991124868392944
abraham-manievich_white-house-with-trees.jpg,142361.mp3,0.013167601078748703
abraham-manievich_still-life-with-glass.jpg,152425.mp3,0.020959261804819107
niko-pirosmani_company-visit.jpg,134384.mp3,0.026674706488847733
eric-fischl_untitled-7.jpg,145477.mp3,0.0015889587812125683
abraham-storck_schip-de-royal-charles-1672.jpg,142534.mp3,-0.056443165987730026
abraham-storck_spiegelgevecht-op-het-ij-te-amsterdam-ter-ere-van-het-bezoek-van-tsaar-peter-de-grote-op-1-september-1705.jpg,001278.mp3,0.11749888211488724
amedeo-modigliani_caryatid-1911.jpg,148112.mp3,0.009273113682866096
abraham-storck_shipping-on-the-ij-with-a-view-of-amsterdam-beyond.jpg,145074.mp3,0.032029226422309875
samuel-peploe_still-life-2.jpg,141874.mp3,0.040243495255708694
martin-rico_riva-degli-schiavoni-venice.jpg,139687.mp3,-0.037438686937093735
adolf-hiremy-hirschl_portrait-of-the-artists-daughter-maud.jpg,149777.mp3,-0.020739464089274406
nicholas-roerich_shekar-dzong-1933.jpg,000424.mp3,0.10566733777523041
joseph-anton-koch_waterfall-in-the-bern-highlands-1796.jpg,143989.mp3,-0.018720321357250214
louis-comfort-tiffany_field-of-lilies-window-1916.jpg,025234.mp3,0.025375721976161003
micaela-eleutheriade_vas-cu-flori.jpg,147295.mp3,-0.03944782540202141
adalbert-erdeli_church-1928.jpg,146726.mp3,-0.014589492231607437
luca-giordano_the-judgement-of-solomon.jpg,146481.mp3,0.06025996059179306
adalbert-schaffer_rich-still-life-with-flowers-and-fruit.jpg,147886.mp3,-0.05779855325818062
ilya-repin_calvary-crucifixion-study-1869.jpg,144173.mp3,0.012878505513072014
adalbert-erdeli_caricature-1941.jpg,001720.mp3,-0.010241418145596981
camille-corot_rome-castle-sant-angelo.jpg,138406.mp3,0.03645633906126022
lorenzo-monaco_crucifixion-1410.jpg,142672.mp3,0.14354456961154938
david-scott_philoctetes-left-on-the-isle-of-lemnos-by-the-greeks-on-their-passage-towards-troy-1840.jpg,145199.mp3,0.10003096610307693
manuela-sambo_the-sence-of-adventure-2013.jpg,000620.mp3,0.09414096921682358
marc-horowitz_reel-83-the-regeneration-is-slowing-2016.jpg,145067.mp3,0.02949453331530094
helene-de-beauvoir_flight-of-a-seagull.jpg,144468.mp3,0.006821359507739544
george-stefanescu_harlequin-1999.jpg,147412.mp3,-0.00346282497048378
raphael_study-for-the-holy-family-1518.jpg,138021.mp3,0.12235552072525024
gustave-dore_the-inferno-canto-6.jpg,135339.mp3,0.01234087347984314
jean-auguste-dominique-ingres_the-songs-of-ossian-1813.jpg,001276.mp3,0.13158109784126282
roger-weik_number-19-2013.jpg,135373.mp3,0.06285716593265533
vincent-van-gogh_portrait-of-camille-roulin-1888.jpg,142573.mp3,0.06593197584152222
adalbert-erdeli_portrait-of-an-unknown-1927.jpg,000993.mp3,0.045132823288440704
achille-zo_portrait-of-the-dwarf-tomas-montoto.jpg,145746.mp3,0.0670110210776329
abraham-van-strij_the-young-draughtsman.jpg,137166.mp3,-0.012139279395341873
jean-auguste-dominique-ingres_pere-desmarets.jpg,000777.mp3,0.03470533341169357
nicholas-roerich_order-of-rigden-jyepo-study.jpg,139637.mp3,0.10557707399129868
abraham-van-strij_view-on-dordrecht.jpg,000200.mp3,0.04015181213617325
abraham-manievich_alexander-square-kiev.jpg,146725.mp3,-0.03133026510477066
abraham-storck_an-italian-harbor.jpg,154305.mp3,0.049477338790893555
henri-matisse_blasted-oak-bohain-1903.jpg,148587.mp3,-0.0021994090639054775
albert-bierstadt_rocky-mountain-landscape-1870.jpg,138066.mp3,0.11160406470298767
joseph-anton-koch_noahs-offers-up-thanks-1814.jpg,142532.mp3,-0.026725925505161285
adalbert-schaffer_a-watermelon-and-other-fruit-by-an-ornamental-ewer.jpg,148430.mp3,0.04803425073623657
charles-blackman_circle-of-friends.jpg,137716.mp3,0.056271471083164215
rene-magritte_the-man-of-the-sea-1927.jpg,143305.mp3,0.12837596237659454
camille-pissarro_the-oise-at-pontoise-in-bad-weather-1876.jpg,147956.mp3,0.08684810996055603
el-greco_portrait-of-a-man.jpg,145751.mp3,0.011821763589978218
niko-pirosmani_threshing-floor-at-dusk-1916.jpg,139117.mp3,0.04391996189951897
abraham-van-strij_milking-time.jpg,142530.mp3,-0.034190282225608826
joan-miro_naked-woman-climbing-a-staircase-1937.jpg,137214.mp3,-0.010047697462141514
fyodor-bronnikov_the-old-beggar-1869.jpg,148519.mp3,0.02015036903321743
james-archer_thomas-alexander-graham-artist.jpg,001197.mp3,0.10997983813285828
abraham-manievich_still-life-with-green-vase-and-flowers.jpg,139485.mp3,0.031356386840343475
marc-chagall_illustration-for-louis-aragon-s-work-one-who-says-things-without-saying-anything-1976-19.jpg,135089.mp3,0.02717338688671589
theophile-steinlen_misere-et-splendeur-1908.jpg,137720.mp3,0.022878754884004593
jean-honore-fragonard_pasha.jpg,142563.mp3,0.05177051201462746
camille-corot_a-cow-and-its-keeper-1872.jpg,138024.mp3,0.06856735795736313
victor-brauner_la-bretonne-1959.jpg,149102.mp3,0.00040643196552991867
adalbert-schaffer_blumenstillleben-1849.jpg,001510.mp3,-0.05942980945110321
walter-crane_protestant-cemetery.jpg,146019.mp3,0.0368691049516201
tom-thomson_sketch-for-the-west-wind-1916.jpg,146687.mp3,0.05800700932741165
george-harvey_lost-child-restored-to-his-mother-1829.jpg,145027.mp3,0.10138915479183197
adalbert-erdeli_in-the-foothills-of-the-carpathians.jpg,146988.mp3,-0.07816246151924133
georgi-kovachev_self-portrait-1978.jpg,145917.mp3,0.05989886820316315
charles-m-russell_coming-across-the-plain-1901.jpg,138207.mp3,0.12182044237852097
frank-w-benson_my-sister-1885.jpg,148187.mp3,0.033244241029024124
andre-derain_valley-of-the-lot-at-vers-1912.jpg,141375.mp3,0.014437565580010414
albrecht-durer_st-philip-1526.jpg,148031.mp3,0.02799033746123314
abraham-van-strij_sitting-old-man-waiting-in-hall.jpg,001666.mp3,0.01169753260910511
hieronymus-bosch_the-carrying-of-the-cross-christ-and-st-veronica.jpg,005521.mp3,0.011594263836741447
gregoire-boonzaier_farmhouse-with-bare-oaks-1942.jpg,001704.mp3,0.08308257907629013
palma-il-giovane_penitent-woman-anointing-the-feet-of-christ-at-the-table-of-simon-the-pharisee.jpg,148235.mp3,-0.02136479690670967
kuzma-petrov-vodkin_head-of-boys-1918.jpg,000625.mp3,0.03948482125997543
emile-prisse-davennes_peinture-arrivee-dune-famille-asiatique-en-egypte-beni-hacen-xiie-dynastie.jpg,136928.mp3,0.07665654271841049
hubert-robert_milk-distribution-to-the-prisioneers-at-st-lazares-prision-1794.jpg,154306.mp3,-0.002973422408103943
camille-corot_ch%C3%A2teau-de-rosny-1840.jpg,137627.mp3,0.02536594681441784
abraham-van-strij_herdsmen-in-landscape.jpg,145758.mp3,0.10118124634027481
georges-seurat_the-painter.jpg,001040.mp3,0.13002821803092957
giuseppe-maria-crespi_the-seven-sacraments-baptism-1712.jpg,145759.mp3,0.05626592040061951
carle-vernet_balashov-alexander-dmitrievich-1808.jpg,135092.mp3,-0.05027548968791962
raphael_the-madonna-of-the-blue-diadem-or-the-madonna-of-the-veil.jpg,144473.mp3,-0.049574535340070724
theophile-steinlen_jasante-de-la-vielle-1902.jpg,149775.mp3,0.1457730084657669
abraham-storck_malningen-fyradagarslaget-1-4-juni-1666.jpg,146989.mp3,0.013115796260535717
abraham-storck_dutch-shipping-in-an-estuary.jpg,146152.mp3,0.004118330776691437
thomas-pollock-anshutz_portrait-of-katharine-rice-1900.jpg,148443.mp3,-0.011758998967707157
patrick-pietropoli_triptych-i-new-york-from-the-top.jpg,142094.mp3,0.08214818686246872
cornelis-vreedenburgh_pier-inn-the-bay-of-st-tropez.jpg,025233.mp3,0.051056209951639175
toby-edward-rosenthal_der-klingenturm-in-rothenburg-ob-der-taube.jpg,149124.mp3,0.053699977695941925
dmitry-levitzky_ivan-bilibin-1801.jpg,135336.mp3,-0.04166712984442711
felix-vallotton_still-life-in-chinese-painting-1925.jpg,147413.mp3,-0.025217656046152115
alexander-ivanov_head-of-a-man-study-of-the-figure-of-paralytic-for-the-painting-the-appearance-of-christ-to-the.jpg,145555.mp3,0.12840116024017334
vincent-van-gogh_wooden-sheds-1889.jpg,146147.mp3,0.04162070155143738
albrecht-durer_king-david-does-repentance.jpg,141182.mp3,0.06554724276065826
leonardo-da-vinci_a-plan-of-imola-1502.jpg,138065.mp3,0.16636359691619873
rembrandt-peale_portrait-of-john-c-calhoun.jpg,142669.mp3,-0.03258206322789192
morteza-katouzian_a-gil-whit-a-doll-2002.jpg,144810.mp3,0.06465626507997513
george-caleb-bingham_miss-sallie-ann-camden-1839.jpg,134445.mp3,0.2287888079881668
joy-hester_sin-titulo-1943.jpg,137561.mp3,0.08052165061235428
theophile-steinlen_la-chanson-de-nature.jpg,000718.mp3,-0.016699133440852165
adalbert-erdeli_autumn.jpg,000715.mp3,0.05401977524161339
eastman-johnson_the-earnest-pupil-1881.jpg,000997.mp3,-0.036526940762996674
janos-mattis-teutsch_man-and-woman-1926.jpg,000010.mp3,0.11318294703960419
stanley-spencer_plumbers-centre-1945.jpg,143057.mp3,0.06929352134466171
john-ruskin_acanthus-1.jpg,144592.mp3,0.0258968323469162
vera-nedkova_a-walk-in-euxinograd-1938.jpg,136709.mp3,0.01722654327750206
abraham-van-strij_boy-and-girl-looking-at-drawings.jpg,138211.mp3,0.07901249080896378
mary-cassatt_peasant-mother-and-child-1894.jpg,137605.mp3,0.11693491041660309
adalbert-erdeli_river.jpg,149185.mp3,0.005959122441709042
rembrandt_the-artist-s-son-titus-1656.jpg,141168.mp3,0.06732670217752457
abraham-storck_havnescene-med-antikke-ruiner-1666.jpg,135375.mp3,-0.05520893633365631
pablo-picasso_flowers-in-a-grey-jar-1908.jpg,143303.mp3,0.07015982270240784
vincent-van-gogh_tree-trunks-in-the-grass-1890.jpg,143216.mp3,0.10004102438688278
francois-boucher_portrait-of-a-lady-with-muff.jpg,005381.mp3,0.06111632287502289
charles-turner_anthony-champion-1807.jpg,141310.mp3,-0.018828323110938072
emile-claus_the-cock-fight-1882.jpg,153383.mp3,0.005970496218651533
claude-monet_breakup-of-ice.jpg,138019.mp3,0.07240211218595505
abraham-storck_boats-at-a-mooring-place-1683.jpg,136320.mp3,0.037500157952308655
abraham-manievich_country-landscape.jpg,144172.mp3,0.030354075133800507
dante-gabriel-rossetti_the-virgin-mary-being-comforted-1852.jpg,149416.mp3,0.1212492510676384
raoul-dufy_the-yellow-console-with-a-violin-1949.jpg,135368.mp3,-0.029484085738658905
ferdinand-bol_dead-game-1646.jpg,141877.mp3,0.005643767304718494
adalbert-erdeli_portrait-of-the-famous-ukrainian-artist-tatiana-yablonska.jpg,141139.mp3,0.020196348428726196
camille-pissarro_the-effect-of-snow-at-hermitage-1874.jpg,146018.mp3,0.008953360840678215
diego-rivera_motherhood-angelina-and-the-child-diego-1916.jpg,148246.mp3,0.10577481240034103
jean-baptiste-greuze_portrait-of-madame-courcelles-1750.jpg,000714.mp3,-0.10251830518245697
frida-kahlo_self-portrait-1930.jpg,137425.mp3,0.05404210835695267
panos-terlemezian_gurgen-mahari-s-portrait-1932.jpg,144939.mp3,0.017263054847717285
edouard-riou_story-le-rubis-du-grand-lama-4.jpg,143214.mp3,-0.02620677649974823
john-frederick-lewis_a-lady-gazing-over-the-bay-of-naples.jpg,143217.mp3,0.024113742634654045
george-morland_donkey-and-pigs-1789.jpg,145752.mp3,-0.029136449098587036
camille-pissarro_eragny-landscape-1890.jpg,143099.mp3,0.0512751080095768
mary-cassatt_jules-standing-by-his-mother.jpg,000459.mp3,0.004668307490646839
nicholas-roerich_chapel-of-st-sergius-at-the-crossroads-1931.jpg,145005.mp3,0.1249781996011734
adalbert-schaffer_untitled.jpg,000995.mp3,-0.015786319971084595
alexandre-jacovleff_banda-woman-with-a-child-1926.jpg,137630.mp3,0.023733017966151237
nicholas-roerich_study-of-mountains-1931-1.jpg,000540.mp3,0.21924687922000885
fujishima-takeji_female-nude.jpg,000822.mp3,0.08106095343828201
mikhail-vrubel_portrait-of-a-young-man.jpg,142362.mp3,0.10515517741441727
charles-turner_william-wallis-1810-1.jpg,135340.mp3,-0.0124814473092556
albrecht-durer_st-anthony-at-the-city-1513.jpg,138578.mp3,0.00895882211625576
david-allan_the-uncultivated-genius-1775.jpg,145757.mp3,-0.0066708773374557495
fra-bartolomeo_christ-with-the-four-evangelists.jpg,149690.mp3,-0.015550642274320126
abraham-van-strij_interior-of-wool-and-sheetshop.jpg,148130.mp3,-0.013278049416840076
cornelis-de-vos_portrait-of-the-artist-s-daughter.jpg,146689.mp3,0.029094018042087555
emil-carlsen_peonies.jpg,144180.mp3,-0.019769899547100067
nicholas-roerich_fog-in-the-mountains-1945.jpg,000255.mp3,0.0917232558131218
abidin-dino_hands-1989.jpg,148082.mp3,0.10321250557899475
antoine-pesne_luise-ulrike-of-prussia-queen-of-sweden.jpg,142082.mp3,-0.10371369123458862
jean-auguste-dominique-ingres_mrs-charles-thomas-thruston-born-frances-edwards.jpg,145462.mp3,0.016167964786291122
felix-vallotton_moroccan-jug-and-pears-1924.jpg,137740.mp3,-0.11153509467840195
william-henry-huddle_davy-crockett-1889.jpg,001661.mp3,0.0793672502040863
henry-herbert-la-thangue_the-young-farmhand-1885.jpg,001891.mp3,-0.009775359183549881
paul-revere_john-gardiner-bookplate.jpg,149103.mp3,0.04930424317717552
ivan-kramskoy_peasant-with-a-bridle-1883.jpg,149523.mp3,0.09969896078109741
salvador-dali_portrait-of-lady-louis-mountbatten-1940.jpg,136054.mp3,0.0698074996471405
george-washington-lambert_ayunkara-1918.jpg,144466.mp3,0.1628876030445099
rudolf-de-crignis_painting-99-35-1999.jpg,142132.mp3,0.07479385286569595
adalbert-erdeli_portrait-of-an-uknown-woman-in-black.jpg,025063.mp3,-0.05402487516403198
george-hemming-mason_roman-ox-standing.jpg,142402.mp3,0.024794146418571472
diego-velazquez_portrait-of-mariana-of-austria-queen-of-spain-1657.jpg,135054.mp3,0.012690977193415165
george-lambert_the-ruins-of-rievaulx-abbey-yorkshire-1753.jpg,143097.mp3,-0.07147038727998734
paula-modersohn-becker_breast-feeding-mother.jpg,144424.mp3,-0.0026947124861180782
laslett-john-pott_the-pathway-of-life-to-which-is-added-a-biography-of-dr-talmage-1888.jpg,147261.mp3,0.04122726246714592
thomas-sully_the-gypsy-girl-1838.jpg,149750.mp3,-0.004158543422818184
hiroshige_18-the-oji-inari-shrine-1857.jpg,143295.mp3,0.00555830541998148
omer-mujadzic_omer-mujadzic.jpg,145729.mp3,0.09816884994506836
dobri-dobrev_in-prague-1924.jpg,000204.mp3,0.01736903004348278
abraham-storck_schepen-op-kalme-zee.jpg,146343.mp3,0.06365414708852768
ha-chong-hyun_conjunction-04-13-2004.jpg,142670.mp3,0.10156956315040588
varlin_liebespaar-auf-der-hohen-promenade-1937.jpg,142087.mp3,0.063548244535923
giovanni-battista-salvi-da-sassoferrato_madonna-orante-2.jpg,148609.mp3,-0.007142583839595318
fra-bartolomeo_virgin-and-child-with-saints-1512.jpg,139043.mp3,-0.03023655340075493
telemaco-signorini_bath-berkeley-place.jpg,149626.mp3,-0.06431511044502258
sebastiano-conca_basilica-dei-santi-apostoli-rome.jpg,141617.mp3,0.04867871105670929
albert-julius-olsson_moonlit-shore-1911.jpg,141592.mp3,0.10271903872489929
nikolai-dmitriyevich-kuznetsov_portrait-of-konstantin-andreevich-pyatnitsky-director-of-rishelievskaya-and-ii-mens-gymnasium-1895.jpg,146458.mp3,-0.051183078438043594
mark-rothko_no-3-1953.jpg,135989.mp3,0.1309790015220642
ivan-shishkin_fir.jpg,000998.mp3,0.011618576943874359
ivan-shishkin_sorrel.jpg,145068.mp3,0.015448346734046936
henri-fantin-latour_venus-and-cupid-1902.jpg,001701.mp3,0.050858959555625916
john-frederick-lewis_interior-of-a-posada-with-men-smoking-and-playing-cards.jpg,001642.mp3,0.028479311615228653
vilhelms-purvitis_spring-waters-1910.jpg,001270.mp3,0.07440730929374695
pierre-jacques-pelletier_neige-a-montmartre.jpg,145183.mp3,-0.009339122101664543
alexander-pope_just-from-town-1889.jpg,000676.mp3,-0.03522437438368797
marc-chagall_illustration-for-louis-aragon-s-work-one-who-says-things-without-saying-anything-1976-5.jpg,148613.mp3,0.10811902582645416
hans-gude_in-the-archipelago-1860.jpg,135374.mp3,-0.07589379698038101
abraham-van-strij_two-goats-in-a-yard.jpg,135369.mp3,-0.0475369393825531
pierre-emmanuel-damoye_prairies-inondees-pas-de-calais-1880.jpg,148586.mp3,0.0035518126096576452
abraham-van-strij_portrait-of-jacob-s-son.jpg,145711.mp3,0.07925409078598022
juan-van-der-hamen_stillleben-mit-fruchten-und-glasware.jpg,001102.mp3,0.07142369449138641
abraham-van-strij_sitting-man-with-basket.jpg,137484.mp3,0.04524896666407585
theophile-steinlen_little-girl-with-cat-1889.jpg,138062.mp3,0.0541112944483757
henri-fantin-latour_nasturtiums-1880.jpg,142511.mp3,0.019031543284654617
paul-cezanne_woman-with-a-coffee-pot.jpg,001039.mp3,-0.059196196496486664
paul-peel_robert-andre-peel-1892.jpg,137593.mp3,-0.01955058053135872
joan-ponc_suite-er-tica-1982.jpg,001649.mp3,0.1045495793223381
tom-roberts_twenty-minutes-past-three-1886.jpg,137632.mp3,0.06746196001768112
raphael_cupid-and-the-three-graces-1517.jpg,137721.mp3,0.04948250949382782
adalbert-erdeli_female-figure-in-the-interior.jpg,000197.mp3,0.02829318679869175
edward-robert-hughes_all-that-i-saw-at-the-wedding.jpg,141287.mp3,0.06378044188022614
constantin-piliuta_winter-in-the-village-1.jpg,136331.mp3,0.12182480096817017
nicholas-roerich_vignette-for-book-n-k-roerich-1918.jpg,145606.mp3,0.08121996372938156
salomon-van-ruysdael_riviergezicht-bij-deventer.jpg,147126.mp3,0.10380498319864273
hiroshige_benzaiten-shrine-at-inokashira-in-snow.jpg,146017.mp3,0.09178545325994492
ilya-repin_portrait-of-actress-lyubov-sazonova-shuvalova-1899.jpg,143106.mp3,-0.05072404816746712
theodoros-stamos_infinity-field-lefkada-series-1980.jpg,141303.mp3,0.24691921472549438
martin-rico_vista-panoramica-de-el-escorial-con-la-iglesia-de-san-bernabe-1858.jpg,145554.mp3,0.09379240870475769
orest-kiprensky_ekaterina-bakunina-1813.jpg,145041.mp3,0.025095943361520767
salvator-rosa_philosophy-1645.jpg,150080.mp3,0.0722433552145958
hendrick-avercamp_a-family-group-in-a-garden-1634.jpg,000716.mp3,-0.03296259418129921
paul-albert-besnard_going-to-bed-1913.jpg,136275.mp3,0.0429006963968277
kuzma-petrov-vodkin_sitter-1913.jpg,137725.mp3,0.07741004228591919
rene-magritte_the-big-family-1963.jpg,001087.mp3,0.12032543867826462
theodor-severin-kittelsen_jordkloden.jpg,141283.mp3,0.018122268840670586
abidin-dino_portrait-1970.jpg,139993.mp3,0.05897191911935806
edelfelt-albert_nainen-savuke-kadessa.jpg,141878.mp3,-0.08410360664129257
sebastiano-del-piombo_triplo-ritratto.jpg,145608.mp3,0.00547354482114315
abraham-van-strij_reading-old-woman-at-window.jpg,137356.mp3,-0.04951130226254463
abraham-van-strij_merchant-at-a-table-near-window.jpg,137907.mp3,0.12275604158639908
lin-fengmian_reeds.jpg,149417.mp3,0.05597829073667526
fyodor-rokotov_portrait-of-a-m-rimskiy-korsakov.jpg,137500.mp3,-0.0607922337949276
abraham-van-strij_sleeping-woman-teased-by-two-boys.jpg,141593.mp3,0.057685598731040955
mykola-pymonenko_becoming-the-evening.jpg,135372.mp3,-0.03412237390875816
artus-scheiner_illustration-for-fairy-tales-for-adults-5.jpg,139774.mp3,-0.005403838586062193
adalbert-erdeli_roses.jpg,143059.mp3,-0.12319646030664444
jean-etienne-liotard_madame-jean-tronchin-1758.jpg,142948.mp3,-0.04213828220963478
hans-memling_st-john-the-baptist-and-st-mary-magdalen-wings-of-a-triptych.jpg,143319.mp3,0.0027197320014238358
juriaen-pool_portrait-of-a-gentleman-three-quarter-length-leaning-on-a-ledge.jpg,000690.mp3,-0.055843535810709
abraham-van-strij_an-extensive-river-landscape.jpg,138355.mp3,-0.078471839427948
currier-and-ives_beautiful-dreamer-1907.jpg,001083.mp3,-0.014297050423920155
nicholas-roerich_lonely-stranger-1931.jpg,001249.mp3,0.01750827766954899
john-ruskin_trees-study-1847.jpg,138210.mp3,-0.07658541947603226
ivan-aivazovsky_view-of-the-sea-from-the-mountains-at-sunset-crimea-1864.jpg,148444.mp3,-0.03020462766289711
gustave-courbet_bather-sleeping-by-a-brook.jpg,145743.mp3,0.044208962470293045
rubens-santoro_a-venetian-backwater.jpg,139937.mp3,-0.08700871467590332
william-orpen_sir-thomas-jaffrey-bt-lld-chairman-of-aberdeen-art-gallery-committee-1926.jpg,134094.mp3,0.003531516995280981
marcus-stone_honeymoon.jpg,001929.mp3,0.06819429993629456
john-cage_strings.jpg,145918.mp3,0.1542864888906479
stefan-luchian_peasant-woman-1896.jpg,025324.mp3,-0.03918783366680145
abraham-van-strij_sitting-boy.jpg,134446.mp3,0.016962427645921707
rembrandt-peale_duke-of-wellington-copy-after-sir-thomas-lawrence-1818.jpg,146483.mp3,-0.002683398313820362
giovanni-battista-torriglia_admiring-the-baby.jpg,149488.mp3,-0.0111725814640522
amedeo-modigliani_head-of-a-woman.jpg,142418.mp3,-0.024774756282567978
fedir-krychevsky_portrait-of-an-art-historian-g-pavlutsky.jpg,135365.mp3,0.002350972034037113
eug-ne-grasset_m-ditation-1897.jpg,139936.mp3,0.1752089262008667
eric-ravilious_sussex-landscape-eric-ravilious-19x13-poster.jpg,025055.mp3,0.20519597828388214
ilya-repin_portrait-of-count-d-m-solsky-1903.jpg,005006.mp3,-0.05093684792518616
jose-maria-velasco_paisaje-con-monta-as.jpg,137624.mp3,0.14747260510921478
louis-wain_he-i-went-to-the-zoo-yesterday-she-my-word-i-went-there-too-looking-for-you-which-cage-were-you.jpg,145059.mp3,0.027977999299764633
karl-lessing_sonntaglicher-kirchgang.jpg,143941.mp3,0.005604521371424198
thomas-eakins_young-girl-meditating-1877.jpg,146070.mp3,0.022958511486649513
moise-kisling_not-identified-9.jpg,142079.mp3,-0.02076156623661518
pino-daeni_a-tale-to-tell.jpg,000667.mp3,0.01440003514289856
raja-ravi-varma_simhika-and-sairandri.jpg,141894.mp3,0.016231272369623184
titian_gian-giacomo-bartolotti-da-parma-1518.jpg,145609.mp3,0.05040796101093292
vincent-van-gogh_peasant-woman-planting-beets-2-1885.jpg,149452.mp3,0.0922435000538826
piero-della-francesca_recognition-of-the-true-cross-detail.jpg,000148.mp3,-0.03347230330109596
william-collins_three-children-under-a-tree.jpg,139638.mp3,0.08321070671081543
gustave-boulanger_phryne-1850.jpg,145043.mp3,0.019620506092905998
giovanni-battista-salvi-da-sassoferrato_saint-cecilia-1650.jpg,144809.mp3,0.13644199073314667
pieter-claesz_still-life-with-ham.jpg,149778.mp3,0.060055408626794815
vincent-van-gogh_torso-of-venus-1887.jpg,000256.mp3,-0.03671161085367203
abraham-van-strij_landscape-with-horsemen.jpg,143056.mp3,-0.06966423243284225
elisabeth-sonrel_shgtelaine-et-ses-dames.jpg,139770.mp3,0.021712299436330795
charles-conder_swanage-1901.jpg,141264.mp3,0.0008468346204608679
anthony-van-dyck_portrait-of-henry-danvers-earl-of-danby-as-a-knight-of-the-order-of-the-garter.jpg,145607.mp3,-0.014247452840209007
bartolome-esteban-murillo_virgin-and-child.jpg,148536.mp3,-0.009280018508434296
adalbert-schaffer_still-life-with-lobster-1853.jpg,135371.mp3,-0.052749015390872955
jose-maria-velasco_macet-n-del-ba-o-de-los-pescaditos-1889.jpg,139777.mp3,-0.022353384643793106
paul-cezanne_still-life-with-curtain-and-flowered-pitcher-1895.jpg,000897.mp3,-0.08177799731492996
john-austen_hamlet-26.jpg,005376.mp3,0.03933529555797577
zinaida-serebriakova_madonna-and-child-1934.jpg,138020.mp3,0.12289358675479889
owen-jones_leaves-and-flowers-from-nature-ornament-no-2-vine-leaves-full-size.jpg,143218.mp3,0.05036783590912819
orest-kiprensky_portrait-of-young-man.jpg,141903.mp3,0.07907333970069885
